Date,Calories (kcal),Distance (m),Average heart rate (bpm),Max heart rate (bpm),Min heart rate (bpm),Low latitude (deg),Low longitude (deg),High latitude (deg),High longitude (deg),Average speed (m/s),Max speed (m/s),Min speed (m/s),Step count,Average weight (kg),Max weight (kg),Min weight (kg),Biking duration (ms),Inactive duration (ms),Walking duration (ms),Running duration (ms),Meditating duration (ms)
2014-09-03,,,,,,51.04951858520508,3.7328970432281494,51.04951858520508,3.7328970432281494,,,,,,,,,,,,
2014-12-11,,19606.31640625,,,,51.022586822509766,3.7102737426757812,51.04961013793945,3.7487707138061523,5.917860984802246,12.0,0.75,11025,,,,,,,,
2014-12-12,,13673.0458984375,,,,51.024959564208984,3.7103559970855713,51.05070877075195,3.748775005340576,5.251170635223389,12.0,1.0,7634,,,,,,,,
2014-12-13,,76414.71875,,,,50.85146713256836,3.578380823135376,51.04977798461914,3.7331531047821045,6.507721424102783,18.0,1.346291184425354,12450,,,,,,,,
2014-12-14,,48152.015625,,,,50.84101104736328,3.578939199447632,51.050209045410156,3.7329018115997314,6.619359016418457,10.6887788772583,1.0,6976,,,,,,,,
2014-12-15,,12962.208984375,,,,51.0222053527832,3.7119064331054688,51.04969024658203,3.7487502098083496,5.579925537109375,13.0,0.5,8412,,,,,,,,
2014-12-16,,12021.8994140625,,,,51.026859283447266,3.7085671424865723,51.04974365234375,3.750075340270996,10.420040130615234,38.0,1.0,9716,,,,,,,,
2014-12-17,,9668.796875,,,,51.02790069580078,3.7155299186706543,51.04970932006836,3.733189105987549,5.205991268157959,7.382411479949951,1.5,6139,,,,,,,,
2014-12-18,,10587.44921875,,,,51.0266227722168,3.710331678390503,51.04971694946289,3.7487754821777344,5.521165370941162,10.0,0.5,9666,,,,,,,,
2014-12-19,,13117.5830078125,,,,51.0267333984375,3.7106165885925293,51.049617767333984,3.748948812484741,,,,10423,,,,,,,,
2014-12-20,,168066.90625,,,,50.872047424316406,3.579028367996216,51.233253479003906,4.416403293609619,2.2855489253997803,31.0,0.5,12838,,,,,,,,
2014-12-21,,5022.69189453125,,,,50.86448669433594,3.5787737369537354,50.872650146484375,3.6093881130218506,3.610560894012451,5.0,1.0,2034,,,,,,,,
2014-12-22,,11725.630859375,,,,50.84327697753906,3.578796863555908,50.87294006347656,3.6070261001586914,4.7237629890441895,10.262187957763672,1.0,4484,,,,,,,,
2014-12-23,,58480.58984375,,,,50.86941909790039,3.576808214187622,51.049560546875,3.7392959594726562,9.5,13.0,6.0,6433,,,,,,,,
2014-12-24,,35598.02734375,,,,50.84804916381836,3.578530788421631,50.928062438964844,3.629668712615967,3.5184385776519775,5.0,1.0,6984,,,,,,,,
2014-12-25,,85584.1328125,,,,50.836666107177734,3.2659904956817627,50.89094543457031,3.6296749114990234,7.582469463348389,26.0,1.0,4976,,,,,,,,
2014-12-26,,15620.771484375,,,,50.84101486206055,3.578901767730713,50.87229537963867,3.6040782928466797,2.5,3.0,2.0,7476,,,,,,,,
2014-12-27,,107797.6953125,,,,50.851863861083984,3.569240093231201,50.92803955078125,3.629678726196289,13.75,20.0,7.5,5219,,,,,,,,
2014-12-28,,280648.53125,,,,50.77113342285156,3.002014398574829,51.04957580566406,3.7334561347961426,4.521065711975098,9.0,0.9013878107070923,12144,,,,,,,,
2014-12-29,,5480.78125,,,,51.036376953125,3.732004404067993,51.05046463012695,3.7487130165100098,2.7206950187683105,7.0,0.55901700258255,8184,,,,,,,,
2014-12-30,,8522.5810546875,,,,51.03758239746094,3.7266767024993896,51.049896240234375,3.7483272552490234,2.0524959564208984,8.385254859924316,0.5,7918,,,,,,,,
2014-12-31,,13070.73828125,,,,51.03370666503906,3.7194554805755615,51.04972839355469,3.7488129138946533,6.083479881286621,14.0,0.5,13071,,,,,,,,
2015-01-01,,256816.140625,,,,50.84837341308594,3.5682661533355713,51.050148010253906,3.7525241374969482,3.185952663421631,7.0,1.0,12694,,,,,,,,
2015-01-02,,7285.17822265625,,,,51.037330627441406,3.7295587062835693,51.053749084472656,3.748873710632324,8.60278606414795,32.0,0.55901700258255,9631,,,,,,,,
2015-01-03,,5462.99658203125,,,,51.04787063598633,3.716862916946411,51.052345275878906,3.7332921028137207,3.743887186050415,9.0,0.5,7144,,,,,,,,
2015-01-04,,2293.432373046875,,,,51.049171447753906,3.7229812145233154,51.051605224609375,3.733337879180908,2.1956608295440674,8.792752265930176,0.5,3010,,,,,,,,
2015-01-05,,9473.6767578125,,,,51.02677536010742,3.710256814956665,51.04966735839844,3.748812198638916,0.5,0.5,0.5,7758,,,,,,,,
2015-01-06,,9442.0234375,,,,51.026615142822266,3.710301399230957,51.049827575683594,3.7343060970306396,7.0,7.0,7.0,8154,,,,,,,,
2015-01-07,,8154.38525390625,,,,51.037330627441406,3.7028207778930664,51.0499267578125,3.7488656044006348,0.893406331539154,1.0307763814926147,0.5,6227,,,,,,,,
2015-01-08,,3510.439453125,,,,51.0449104309082,3.730556011199951,51.04974365234375,3.7330055236816406,19.144176483154297,36.0,2.0,4183,,,,,,,,
2015-01-09,,11443.7890625,,,,51.02663803100586,3.7103586196899414,51.05103302001953,3.748991012573242,16.0,16.0,16.0,12406,,,,,,,,
2015-01-10,,109899.109375,,,,50.834861755371094,3.570154905319214,51.04960632324219,3.732980489730835,1.814690113067627,3.0,0.9013878107070923,8880,,,,,,,,
2015-01-11,,43522.65234375,,,,50.85810089111328,3.5788509845733643,50.889347076416016,3.6298840045928955,4.32671594619751,10.0,1.0,4263,,,,,,,,
2015-01-12,,54079.640625,,,,50.84355926513672,3.579050302505493,51.05022430419922,3.748802661895752,4.4274797439575195,6.0,2.915475845336914,9765,,,,,,,,
2015-01-13,,9495.5302734375,,,,51.027000427246094,3.715956926345825,51.049617767333984,3.741752862930298,71.0,71.0,71.0,5545,,,,,,,,
2015-01-14,,5332.72265625,,,,51.037330627441406,3.7321949005126953,51.049644470214844,3.7488605976104736,3.637953996658325,5.0,1.25,5918,,,,,,,,
2015-01-15,,3628.862060546875,,,,51.04278564453125,3.72601580619812,51.05067825317383,3.7331926822662354,3.5487682819366455,9.0,0.55901700258255,4252,,,,,10592671,,,
2015-01-16,,23628.044921875,,,,51.01182556152344,3.7082629203796387,51.0504035949707,3.7478718757629395,2.096747398376465,9.0,0.5,6992,,,,1005486,68251559,1897070,,
2015-01-17,,3101.983642578125,,,,51.0487174987793,3.730984687805176,51.05045700073242,3.7356767654418945,3.8368287086486816,22.0,0.5,5883,,,,,70783623,1665485,212681,
2015-01-18,,1584.546875,,,,51.04803466796875,3.7306578159332275,51.05050277709961,3.73466157913208,4.819406032562256,12.0,0.5,2641,,,,,81881869,205666,88915,
2015-01-19,,10003.4306640625,,,,51.026702880859375,3.7103629112243652,51.04969024658203,3.7488884925842285,0.75,1.0,0.5,7750,,,,1270557,71179641,2152012,,
2015-01-20,,22799.322265625,,,,51.02146911621094,3.7082340717315674,51.05018615722656,3.7328124046325684,6.746548652648926,13.0,2.0,7525,,,,660177,63751659,3901744,83970,
2015-01-21,,7659.52294921875,,,,51.037330627441406,3.7320897579193115,51.04957962036133,3.7488625049591064,6.588214874267578,17.0,1.5,4393,,,,934452,72279701,1243899,,
2015-01-22,,9839.451171875,,,,51.026519775390625,3.7103962898254395,51.0513801574707,3.733354091644287,16.130596160888672,39.0,0.5,5505,,,,,77111168,3267454,,
2015-01-23,,17024.10546875,,,,51.026649475097656,3.7104108333587646,51.049930572509766,3.7488656044006348,2.881235122680664,5.0,1.0,8356,,,,1877840,71302619,3687696,,
2015-01-24,,5789.42626953125,,,,51.03898620605469,3.7257072925567627,51.0500373840332,3.7341392040252686,1.9585446119308472,7.0,0.5,4671,,,,,79812490,2332144,,
2015-01-25,,596.7135009765625,,,,51.04949188232422,3.7327425479888916,51.049617767333984,3.7331299781799316,1.0,1.0,1.0,1506,,,,,83041760,,,
2015-01-26,,10158.79296875,,,,51.03752517700195,3.7188069820404053,51.050228118896484,3.7487125396728516,2.0016860961914062,5.0,0.5,8116,,,,1122853,63415980,1581387,,
2015-01-27,,4508.583984375,,,,51.039730072021484,3.7258353233337402,51.049617767333984,3.7333595752716064,3.727720022201538,16.0,1.346291184425354,3980,,,,,65489298,1117381,,
2015-01-28,,6194.36328125,,,,51.0375862121582,3.730518102645874,51.04978942871094,3.7485148906707764,7.81569766998291,27.0,1.5,4876,,,,1640964,73214833,887598,,
2015-01-29,,7185.30908203125,,,,51.03710174560547,3.7225916385650635,51.05055236816406,3.7339026927948,2.622103691101074,12.0,0.5,7302,,,,,62488490,1674051,,
2015-01-30,,9426.94140625,,,,51.03407287597656,3.7228798866271973,51.050384521484375,3.7485294342041016,4.780864238739014,27.0,0.55901700258255,8791,,,,,74252422,3125327,,
2015-01-31,,118430.09375,,,,50.84992980957031,3.5789880752563477,51.236881256103516,4.414475440979004,3.4554920196533203,21.0,0.5,11439,,,,1278064,55611109,4205251,,
2015-02-01,,1777.3385009765625,,,,51.04887390136719,3.7300233840942383,51.23220443725586,4.405333995819092,1.5,2.0,1.0,5232,,,,,21494918,1604888,,
2015-02-02,,9232.3203125,,,,51.03732681274414,3.7258880138397217,51.04996109008789,3.7489731311798096,1.1137195825576782,5.0,0.5,8311,,,,615293,70409240,2168717,,
2015-02-03,,1865.512451171875,,,,51.047874450683594,3.7287189960479736,51.05101776123047,3.7340087890625,3.4390904903411865,9.0,0.5,1876,,,,,84675830,285135,115515,
2015-02-04,,12190.4208984375,,,,51.03739929199219,3.7217769622802734,51.05443572998047,3.7485451698303223,2.2025632858276367,10.0,0.5,9839,,,,1273848,67181353,2742393,65819,
2015-02-05,,5933.2841796875,53.0,53.0,53.0,51.03965759277344,3.726017951965332,51.050994873046875,3.7337424755096436,2.4724910259246826,12.0,1.0,4478,,,,,78393490,964714,70275,
2015-02-06,,6162.42578125,,,,51.03746032714844,3.731403112411499,51.04991149902344,3.748914957046509,7.677196025848389,18.0,1.5,5487,,,,1308366,73561890,774554,105275,
2015-02-07,,42159.375,,,,50.84807205200195,3.5777363777160645,51.058311462402344,3.7329494953155518,5.0341010093688965,17.257244110107422,0.5,13430,,,,2551344,48394085,2511018,,
2015-02-08,,122401.46875,,,,50.8142204284668,3.579030990600586,51.22677230834961,4.4904937744140625,2.0878026485443115,9.5,0.5,11101,,,,,50425572,3594533,,
2015-02-09,,11757.7763671875,,,,51.037349700927734,3.7263035774230957,51.053611755371094,3.7489588260650635,4.957335948944092,34.0,0.5,5602,,,,1254373,74302587,1712309,,
2015-02-10,,16325.0888671875,,,,51.0185661315918,3.7252697944641113,51.05333709716797,3.7409331798553467,5.60997200012207,18.0,1.0,9846,,,,,73162420,3523185,,
2015-02-11,,37786.5703125,,,,51.02153396606445,3.7126803398132324,51.05134582519531,3.7489564418792725,9.1929349899292,10.0,6.0,10667,,,,2874782,60853169,3581395,,
2015-02-12,,9744.263671875,,,,51.040157318115234,3.7286620140075684,51.05168151855469,3.734485387802124,3.677051067352295,4.0,3.3541018962860107,7175,,,,,79690032,2924593,,
2015-02-13,,18658.46484375,,,,51.020389556884766,3.7139945030212402,51.04969024658203,3.7490949630737305,6.086397171020508,23.0,1.0,11940,,,,2089220,68087797,6137221,,
2015-02-14,,59105.09765625,,,,50.851158142089844,3.5789878368377686,51.05720520019531,3.7372097969055176,1.5633245706558228,2.0,1.0307763814926147,11388,,,,832381,63479943,4079214,,
2015-02-15,,61071.35546875,,,,50.85074234008789,3.5682241916656494,51.049598693847656,3.73286509513855,7.625,11.25,4.0,6095,,,,,71078476,2586262,,
2015-02-16,,15180.93359375,,,,50.872093200683594,3.5790746212005615,51.05038070678711,3.7481231689453125,4.5,8.0,1.0,7999,,,,,,,,
2015-02-17,,24487.271484375,,,,51.024295806884766,3.723775863647461,51.05023956298828,3.738823890686035,3.2595691680908203,5.0,1.0,9213,,,,,,,,
2015-02-18,,17173.80859375,,,,51.02036666870117,3.710233211517334,51.049625396728516,3.7490060329437256,,,,15129,,,,,,,,
2015-02-19,,14972.92578125,,,,51.01887130737305,3.7221462726593018,51.05336380004883,3.740839719772339,2.5495097637176514,2.5495097637176514,2.5495097637176514,7506,,,,,,,,
2015-02-20,,26565.91015625,,,,51.0214729309082,3.7259302139282227,51.050174713134766,3.748080253601074,2.8656649589538574,5.0,1.5,14030,,,,,,,,
2015-02-21,,133838.6875,,,,50.85559844970703,3.427448272705078,51.049373626708984,4.3627028465271,2.642993927001953,32.753814697265625,0.5,19694,,,,,,,,
2015-02-22,,1207.9365234375,,,,51.04865264892578,3.7321128845214844,51.05168914794922,3.736332416534424,14.375,23.0,5.75,2631,,,,,,,,
2015-02-23,,15413.103515625,,,,51.020301818847656,3.7226524353027344,51.049766540527344,3.7480592727661133,4.0,4.0,4.0,11255,,,,,,,,
2015-02-24,,13969.248046875,,,,51.0332145690918,3.725644826889038,51.050376892089844,3.733210325241089,1.7597545385360718,21.0,0.5,7109,,,,,,,,
2015-02-25,,33198.578125,,,,51.01929473876953,3.707942008972168,51.05246353149414,3.7486300468444824,,,,11978,,,,,,,,
2015-02-26,,31970.71875,,,,51.02045440673828,3.7090275287628174,51.0630989074707,3.740832805633545,2.648259162902832,8.5,0.5,12593,,,,,,,,
2015-02-27,,38054.88671875,,,,51.01890563964844,3.724780797958374,51.050235748291016,3.7489378452301025,,,,7139,,,,,,,,
2015-02-28,,245201.65625,,,,50.8057861328125,3.2746365070343018,51.050235748291016,3.736729860305786,11.288114547729492,34.75,2.0,10095,,,,,,,,
2015-03-01,,197023.875,,,,50.80547332763672,3.2715983390808105,51.03900146484375,3.7491865158081055,,,,10641,,,,,,,,
2015-03-02,,65331.3125,,,,50.85116195678711,3.5790534019470215,51.04962158203125,3.7484617233276367,9.740262985229492,22.051076889038086,4.506938934326172,10866,,,,,,,,
2015-03-03,,30018.748046875,,,,51.02238464355469,3.7098989486694336,51.049930572509766,3.748858690261841,1.2545857429504395,4.527692794799805,0.5,11333,,,,,,,,
2015-03-04,,55920.91015625,,,,51.02153015136719,3.701169013977051,51.054893493652344,3.7408297061920166,2.0077805519104004,5.0,0.5,7321,,,,,,,,
2015-03-05,,12247.328125,,,,51.01886749267578,3.7259814739227295,51.0505485534668,3.7413949966430664,5.01973819732666,9.0,0.5,6013,,,,,,,,
2015-03-06,,113213.2109375,,,,50.83523178100586,3.569129467010498,51.049617767333984,3.7408692836761475,1.9399173259735107,4.0,0.5,13747,,,,,,,,
2015-03-07,,1.6905836E7,,,,50.87194061279297,3.5790271759033203,51.048824310302734,3.984886407852173,4.75,8.0,1.5,8104,,,,,,,,
2015-03-08,,58475.9765625,,,,50.84814453125,3.5790586471557617,50.92906188964844,3.6315228939056396,6.0,6.0,6.0,4144,,,,,,,,
2015-03-09,,135565.796875,,,,50.85118103027344,3.579026937484741,51.04994201660156,3.7487897872924805,2.3486545085906982,12.50999641418457,0.5,10895,,,,,,,,
2015-03-10,,26722.1484375,,,,51.018924713134766,3.7236132621765137,51.04994201660156,3.742466449737549,,,,6231,,,,,,,,
2015-03-11,,50469.34765625,,,,51.022438049316406,3.704482316970825,51.05368423461914,3.748927593231201,7.5,12.0,3.0,11360,,,,553631,18374860,465554,,
2015-03-12,,31938.611328125,,,,51.02018356323242,3.7258999347686768,51.04961013793945,3.740962505340576,3.9755449295043945,4.5,3.5,7568,,,,764211,73211141,2874309,,
2015-03-13,,45716.53125,,,,50.85374450683594,3.579026937484741,51.049617767333984,3.7486743927001953,,,,8805,,,,4259752,64354643,3053296,,
2015-03-14,,65588.5546875,,,,50.859657287597656,3.5678446292877197,50.92863082885742,3.630803108215332,5.575560092926025,9.8011474609375,0.5,5514,,,,,79096745,345682,,
2015-03-15,,308127.875,,,,50.85955810546875,3.5678446292877197,50.92863082885742,3.630803108215332,1.2092400789260864,4.5,0.5,2324,,,,,81434073,,160492,
2015-03-16,,109962.328125,,,,50.85666275024414,3.5678224563598633,51.05250549316406,3.748859405517578,8.006868362426758,15.5,0.5,9268,,,,3317752,64805951,2912553,,
2015-03-17,,15984.283203125,,,,51.02165222167969,3.7254319190979004,51.0501594543457,3.740802764892578,1.7126024961471558,4.527692794799805,0.5,3264,,,,2050542,75449746,633554,,
2015-03-18,,18197.787109375,,,,51.01764678955078,3.7258403301239014,51.04990005493164,3.7489280700683594,2.667149782180786,3.535533905029297,0.5,6586,,,,3622415,67409082,3168694,,
2015-03-19,,5228.0,,,,51.01877212524414,3.723837375640869,51.04969787597656,3.743800401687622,2.907310724258423,6.25,0.5,11241,,,,1255873,77077444,6787803,,
2015-03-20,,156.0,,,,51.03721237182617,3.7248826026916504,51.050575256347656,3.7489266395568848,1.75,1.75,1.75,4460,,,,,82783408,2190105,198955,
2015-03-21,,1178.0,,,,50.81588363647461,3.2665042877197266,51.038917541503906,3.738194465637207,2.015564441680908,2.015564441680908,2.015564441680908,16388,,,,,46476421,6084295,,
2015-03-22,,,,,,51.03831100463867,3.725749969482422,51.04984664916992,3.733440399169922,2.3638155460357666,3.5794553756713867,1.0,1914,,,,,42646788,141562,140666,
2015-03-23,,15099.0,,,,51.01997756958008,3.716459274291992,51.053836822509766,3.7488670349121094,4.008484840393066,6.5,3.0,9166,,,,4542129,68800184,3962466,,
2015-03-24,,1499.0,,,,51.03691482543945,3.725902795791626,51.050045013427734,3.7339484691619873,1.0,1.25,0.75,3771,,,,549898,76704988,925800,185043,
2015-03-25,,12813.0,,,,51.02146911621094,3.725869655609131,51.04985427856445,3.748871326446533,1.772800326347351,4.123105525970459,0.55901700258255,5984,,,,3132223,71299529,3299942,,
2015-03-26,,8250.0,,,,51.019466400146484,3.7247047424316406,51.04981231689453,3.7409043312072754,1.3106601238250732,2.1213202476501465,0.5,3487,,,,1080440,82062492,1973017,,
2015-03-27,,7250.0,,,,51.02309799194336,3.723452568054199,51.04960632324219,3.7488818168640137,1.9014016389846802,5.024937629699707,1.1180340051651,6201,,,,2208781,74870057,3241429,,
2015-03-28,,1599.0,,,,50.87186050415039,3.579028367996216,51.049591064453125,3.7335290908813477,1.621065378189087,2.75,0.5,10053,,,,441766,60854098,3688910,,
2015-03-29,,,,,,50.871986389160156,3.579025983810425,50.898658752441406,3.6263980865478516,0.954282283782959,1.5,0.5,903,,,,,81778041,171112,,
2015-03-30,,17955.0,,,,50.85117721557617,3.578683376312256,51.04960632324219,3.748861312866211,3.61340594291687,6.72681188583374,0.5,6074,,,,3600386,68907718,2984412,,
2015-03-31,,1490.0,,,,51.0389518737793,3.7241709232330322,51.04986572265625,3.7336318492889404,,,,4700,,,,709758,78125254,2046743,,
2015-04-01,,17330.0,,,,51.0190315246582,3.725780487060547,51.049644470214844,3.748873710632324,0.9866153001785278,1.4142135381698608,0.55901700258255,2951,,,,4047766,78417936,1467136,,
2015-04-02,,15687.0,,,,51.0201301574707,3.7104153633117676,51.172142028808594,4.222426414489746,0.5,0.5,0.5,6665,,,,2716682,70024793,3696576,,
2015-04-03,,14751.0,,,,51.02150344848633,3.72613787651062,51.04977798461914,3.749171018600464,1.25,2.0,0.5,5459,,,,1925868,71926176,2929428,,
2015-04-04,,7506.0,,,,50.87193298339844,3.1024725437164307,51.04963684082031,3.736966371536255,0.7135634422302246,1.25,0.5,14416,,,,2191393,48083346,6016682,144685,
2015-04-05,,2.828463554382324,,,,50.810447692871094,3.5329432487487793,50.89864730834961,3.626378297805786,2.4358878135681152,3.0,0.55901700258255,5746,,,,,77798977,3161607,,
2015-04-06,,6766.17138671875,,,,50.82383728027344,3.263270139694214,51.04958724975586,3.749174118041992,2.75,2.75,2.75,4834,,,,1575701,73910790,1355582,,
2015-04-07,,7955.0,,,,51.03693389892578,3.7256600856781006,51.050289154052734,3.7864789962768555,1.0502114295959473,3.5,0.5,10292,,,,1281175,72983346,3241997,1594430,
2015-04-08,,12179.0,,,,51.012908935546875,3.726644515991211,51.04966735839844,3.749004602432251,1.0,1.0,1.0,4114,,,,3266314,77346464,1677183,,
2015-04-09,,4442.0,,,,51.01291275024414,3.7258758544921875,51.04967498779297,3.7408335208892822,6.021381378173828,8.310384750366211,1.8027756214141846,7654,,,,2724430,77630230,5138021,,
2015-04-10,,25929.0,,,,51.0129280090332,3.7270538806915283,51.04979705810547,3.749004602432251,,,,6338,,,,3645535,71092212,2493147,,
2015-04-11,,3406.0,,,,50.84687805175781,3.5790998935699463,51.05380630493164,3.7436599731445312,0.6736396551132202,1.5,0.5,15385,,,,370582,50497283,5386807,,
2015-04-12,,,,,,,,,,,,,2930,,,,,78786464,1364173,,
2015-04-13,,,,,,,,,,,,,5230,,,,2221105,73463256,2136248,,
2015-04-14,,,,,,,,,,,,,6818,,,,3111476,76399674,3286404,,
2015-04-15,,,,,,,,,,,,,7163,,,,957571,70641489,3628566,,
2015-04-16,,,,,,,,,,,,,6553,,,,1043731,76011059,1728451,,
2015-04-17,,,,,,,,,,,,,6522,,,,,76779086,2759903,,
2015-04-18,,,,,,,,,,,,,13871,,,,,65593312,6626424,,
2015-04-19,,,,,,,,,,,,,3244,,,,,82472122,729473,472600,
2015-04-20,,,,,,,,,,,,,6601,,,,1322599,77821685,3516024,117621,
2015-04-21,,,,,,,,,,,,,5325,,,,2293087,78822519,3493999,,
2015-04-22,,,,,,,,,,,,,3566,,,,3277567,78110554,1328243,,
2015-04-23,,,,,,,,,,,,,1710,,,,1827482,82646924,1061360,,
2015-04-24,,,,,,,,,,,,,5636,,,,2279447,77777886,2382716,,
2015-04-25,,,,,,,,,,,,,10546,,,,1499287,67635233,3796680,121049,
2015-04-26,,,,,,,,,,,,,736,,,,,85897193,502807,,
2015-04-27,,,,,,,,,,,,,7059,,,,2406147,73818648,4467687,,
2015-04-28,,3284.0,,,,51.03701400756836,3.7141363620758057,51.06623458862305,3.76727294921875,2.6192891597747803,9.0,0.55901700258255,4819,,,,857341,75920913,2416127,,
2015-04-29,,12331.0,,,,51.020076751708984,3.2168335914611816,51.21559143066406,3.740870475769043,3.8816800117492676,8.25,0.5,12931,,,,2915314,67674479,7001993,77980,
2015-04-30,,9667.0,,,,51.016029357910156,3.7264552116394043,51.0497932434082,3.7409138679504395,0.7795084714889526,1.0,0.55901700258255,4492,,,,2519008,78055725,2316748,,
2015-05-01,,7571.0,,,,51.03692626953125,3.7249715328216553,51.056095123291016,3.74890398979187,1.7979897260665894,3.535533905029297,0.5,8205,,,,2904444,67974502,3647596,,
2015-05-02,,820.0,,,,50.769989013671875,3.647368907928467,51.04174041748047,3.880397081375122,10.72799015045166,37.75,2.25,11984,,,,,59228310,5279671,,
2015-05-03,,586.0,,,,51.04022216796875,3.723156452178955,51.05066680908203,3.743767499923706,2.0535402297973633,3.640054941177368,1.0,4780,,,,,78611266,1599808,536966,
2015-05-04,,5841.396484375,,,,51.02150344848633,3.726134777069092,51.049625396728516,3.748997211456299,1.0,1.0,1.0,5412,,,,1780106,65118168,3380168,,
2015-05-05,,9753.478515625,,,,51.02021408081055,3.716240882873535,51.053871154785156,3.744755744934082,1.2006938457489014,1.5,0.9013878107070923,1781,,,,3445971,50498102,827482,,
2015-05-06,,4803.955078125,,,,51.03739929199219,3.7219126224517822,51.05585479736328,3.7489283084869385,2.2501254081726074,5.05593729019165,0.7071067690849304,5420,,,,1199406,72888208,1812410,,
2015-05-07,,2765.579833984375,,,,51.037410736083984,3.726233959197998,51.04960250854492,3.733020544052124,4.25,4.25,4.25,3102,,,,1388964,81368097,1378381,,
2015-05-08,,3205.30810546875,,,,51.00927734375,3.7308526039123535,51.04960250854492,3.7752890586853027,1.346291184425354,1.346291184425354,1.346291184425354,8078,,,,492216,71646968,2741748,,
2015-05-09,,635.0,,,,51.04697036743164,3.7267892360687256,51.049835205078125,3.7342381477355957,,,,5087,,,,,74925083,2644296,407297,
2015-05-10,,1305.0,,,,51.04359817504883,3.730503559112549,51.04995346069336,3.7335104942321777,2.4783434867858887,4.031128883361816,0.75,3371,,,,,84372423,694444,789409,
2015-05-11,,11222.18359375,,,,51.02004623413086,3.7250800132751465,51.04961395263672,3.7489871978759766,2.5,2.5,2.5,4661,,,,3710548,72844196,1552777,,
2015-05-12,892.9599609375,657.5247802734375,,,,50.87206268310547,3.579026222229004,51.049617767333984,3.748886823654175,,,,6008,,,,637498,69909454,1638125,,
2015-05-13,2521.267578125,9972.92578125,,,,50.85781478881836,3.725874900817871,51.049564361572266,4.700569152832031,27.716957092285156,31.25,1.0,5484,,,,3409624,69264252,2028440,219595,
2015-05-14,2599.494140625,15700.1044921875,,,,50.851112365722656,3.578563928604126,51.05086898803711,3.7489001750946045,,,,9932,,,,3509886,65377873,3777963,,
2015-05-15,2381.2939453125,6638.548828125,,,,50.8425178527832,3.568464994430542,51.0495719909668,3.7439444065093994,2.876021385192871,15.28275203704834,0.7071067690849304,10136,,,,1318577,64622764,4011625,,
2015-05-16,2231.151123046875,3285.710205078125,,,,50.91975021362305,3.723890781402588,51.05002212524414,4.039698123931885,2.6386659145355225,30.75,0.5,10928,,,,,60761033,4445498,,
2015-05-17,2302.4775390625,5253.18798828125,,,,51.04350662231445,3.7305331230163574,51.049808502197266,3.7336912155151367,2.3523313999176025,5.220153331756592,1.5,5324,,,,,83147554,894006,1530755,
2015-05-18,2293.088623046875,6640.68359375,,,,51.01848220825195,3.719197988510132,51.05217361450195,3.7488276958465576,1.7570810317993164,8.732124328613281,0.5,7533,,,,1862005,67565435,1947586,,
2015-05-19,2739.967529296875,12993.017578125,,,,51.01728820800781,3.726288318634033,51.04958724975586,3.748823404312134,5.871445178985596,10.644834518432617,1.0,6613,,,,5258797,68410935,2381350,217086,
2015-05-20,2136.9189453125,2571.8623046875,,,,51.039634704589844,3.7260382175445557,51.049835205078125,3.733743667602539,1.8633396625518799,5.147815227508545,0.5,4625,,,,513378,74603340,1610742,,
2015-05-21,2549.03955078125,14610.30859375,,,,51.01920700073242,3.7256083488464355,51.049903869628906,3.748807668685913,2.8095335960388184,7.017834186553955,1.0,7559,,,,3644164,71209651,2769201,,
2015-05-22,2661.806884765625,13183.78125,,,,50.8472900390625,3.5790982246398926,51.04987335205078,3.7488465309143066,4.881320953369141,7.75,1.0,11442,,,,2351030,70857562,6334500,78106,
2015-05-23,2123.47314453125,1522.3763427734375,,,,50.82393264770508,3.264521598815918,51.04960632324219,3.7499611377716064,21.75,21.75,21.75,3233,,,,,80666970,2058071,,
2015-05-24,2559.98046875,9447.0,,,,51.04434585571289,3.7322497367858887,51.050514221191406,3.7924423217773438,1.1756150722503662,5.706356048583984,0.5,7898,,,,865948,79425139,1806188,1822121,
2015-05-25,2176.10009765625,4294.74267578125,,,,51.03724670410156,3.7324862480163574,51.049591064453125,3.7488956451416016,2.41633939743042,3.605551242828369,0.75,2976,,,,992064,73182341,1476927,,
2015-05-26,2426.720947265625,10720.9765625,,,,51.01587677001953,3.7263851165771484,51.049861907958984,3.748929023742676,0.75,0.75,0.75,6394,83.0,83.0,83.0,3435165,70682352,2241425,,
2015-05-27,2380.082763671875,13269.287109375,,,,51.01604461669922,3.725876808166504,51.04963302612305,3.7408440113067627,2.62782883644104,4.75,0.75,7445,,,,3679339,69770106,3214362,,
2015-05-28,2566.7080078125,11699.384765625,,,,51.016334533691406,3.7260582447052,51.04960632324219,3.748850107192993,3.884799003601074,4.854122161865234,2.915475845336914,6088,,,,5770998,72087595,2460513,,
2015-05-29,2179.822998046875,10351.125,,,,50.85107421875,3.5786192417144775,51.049644470214844,3.7418270111083984,5.441685199737549,8.631338119506836,0.5,6310,,,,2078326,75570599,2939636,,
2015-05-30,2225.27392578125,6979.96826171875,,,,50.85114288330078,3.5777347087860107,51.049842834472656,3.73290753364563,6.51920223236084,6.51920223236084,6.51920223236084,9943,,,,957405,75645952,5501648,,
2015-05-31,2615.941162109375,12136.326171875,,,,51.040618896484375,3.732682466506958,51.05049133300781,3.793874502182007,2.0322160720825195,3.75,0.5,10258,,,,1118869,72326034,1954596,2972030,
2015-06-01,2250.55419921875,10531.1982421875,,,,51.016197204589844,3.7259511947631836,51.04967498779297,3.7408287525177,4.256529808044434,5.963430404663086,2.5495097637176514,4982,,,,2839724,67165410,2706717,,
2015-06-02,2354.09765625,12680.4638671875,,,,51.023162841796875,3.725555896759033,51.05001449584961,3.748795747756958,1.8862512111663818,1.9525624513626099,0.75,4202,,,,4050273,70960532,2204173,,
2015-06-03,2176.890380859375,9932.0615234375,,,,51.01738739013672,3.7259328365325928,51.049747467041016,3.7411117553710938,1.6450088024139404,3.0,0.5,2366,,,,2867436,80501573,1567200,,
2015-06-04,1943.7318115234375,4103.00634765625,,,,51.03739547729492,3.7321255207061768,51.04961395263672,3.7488150596618652,,,,4068,,,,1312043,71612057,727578,,
2015-06-05,2068.4921875,9774.583984375,,,,51.04066848754883,3.68430233001709,51.05577850341797,3.733614921569824,5.245455741882324,10.0,0.5,2979,,,,2136165,80753126,997014,85438,
2015-06-06,2519.67041015625,10843.8154296875,,,,51.03969192504883,3.7257208824157715,51.050514221191406,3.7835254669189453,3.2829413414001465,7.77817440032959,0.55901700258255,7661,,,,2098907,76564439,1787568,1698679,
2015-06-07,1954.065673828125,3382.313720703125,,,,51.04899978637695,3.7327353954315186,51.050697326660156,3.752476692199707,8.614524841308594,8.732124328613281,8.558621406555176,1719,,,,1198824,81826955,1071558,,
2015-06-08,1973.1956787109375,1372.1767578125,,,,51.04487609863281,3.7248544692993164,51.04996109008789,3.733607292175293,1.181731939315796,6.7082037925720215,0.5,3210,,,,465522,75340759,2590307,,
2015-06-09,1745.7498779296875,,,,,51.04892349243164,3.732614040374756,51.049739837646484,3.7333321571350098,1.386588215827942,3.0,0.75,1439,,,,,78886367,,,
2015-06-10,2242.73779296875,10117.5126953125,,,,51.03971481323242,3.7204995155334473,51.06656265258789,3.7673017978668213,3.4673447608947754,13.416407585144043,1.1180340051651,5640,,,,3194374,74193196,1993495,,
2015-06-11,2203.877685546875,6151.60791015625,,,,51.039669036865234,3.725832462310791,51.04969787597656,3.7335457801818848,0.6369257569313049,4.279310703277588,0.5,9007,,,,368309,74191018,1465005,1410889,
2015-06-12,1781.188232421875,276.7403869628906,,,,51.04704666137695,3.726806640625,51.049827575683594,3.7330360412597656,,,,3431,,,,,81608330,525751,,
2015-06-13,2518.472900390625,9625.31640625,,,,51.04426574707031,3.7304203510284424,51.05052185058594,3.7924835681915283,2.7055342197418213,4.5,0.5,10176,,,,1144419,78346357,2440039,2149785,
2015-06-14,2013.2042236328125,4687.6591796875,,,,51.04888153076172,3.732736587524414,51.053306579589844,3.752476692199707,3.1739656925201416,4.4721360206604,0.5,6226,,,,1177298,79760986,1985161,,
2015-06-15,2097.97314453125,2857.263916015625,,,,50.851715087890625,3.5499460697174072,51.04975128173828,3.7338016033172607,2.0154054164886475,5.830951690673828,1.1180340051651,8864,,,,752637,69470814,3957924,,
2015-06-16,2853.78466796875,11236.8818359375,,,,50.846683502197266,3.5675933361053467,51.05052947998047,3.783571720123291,2.1358895301818848,3.25,0.75,13131,,,,3648693,67599550,4064085,1930767,
2015-06-17,2256.519287109375,4652.46435546875,,,,51.03864669799805,3.7253715991973877,51.04974365234375,3.7337398529052734,1.6499266624450684,4.75,0.75,6498,,,,1950419,75241176,2415372,549009,
2015-06-18,2093.879638671875,5316.85302734375,,,,51.043582916259766,3.7304954528808594,51.05029296875,3.752476215362549,3.30283522605896,4.802343368530273,0.5,5517,,,,842230,76072541,1663669,687814,
2015-06-19,2053.920654296875,4452.8251953125,,,,50.851715087890625,3.5786092281341553,51.05043411254883,3.733290433883667,,,,5514,,,,1174522,74029617,2593884,,
2015-06-20,2380.0537109375,8666.1474609375,,,,50.79631423950195,3.262908697128296,51.04959487915039,3.733106851577759,2.5579240322113037,7.766112327575684,0.55901700258255,11583,,,,818996,72702915,5879845,775824,
2015-06-21,1941.7476806640625,2120.202392578125,,,,51.04359817504883,3.726748466491699,51.04964828491211,3.7335379123687744,1.0808796882629395,3.5,0.5,4996,,,,,75788342,817052,621472,
2015-06-22,2259.37255859375,10728.9482421875,,,,51.020652770996094,3.7265255451202393,51.04977035522461,3.74084210395813,3.3998472690582275,8.732124328613281,0.5,4873,,,,2607132,77544586,852569,733815,
2015-06-23,1907.5439453125,2823.372802734375,,,,51.03863525390625,3.725489854812622,51.049644470214844,3.733003616333008,2.711017608642578,7.0,1.25,4870,,,,429484,76585853,1677019,,
2015-06-24,2056.449462890625,3172.345458984375,,,,51.04356384277344,3.7262063026428223,51.04975509643555,3.7336769104003906,1.1630046367645264,3.75,0.5,6596,,,,489175,81058387,363486,1050255,
2015-06-25,2066.595703125,4279.6748046875,,,,50.87198257446289,3.5790278911590576,51.049617767333984,3.7337775230407715,1.0879359245300293,4.366062164306641,0.5,7190,,,,279521,79908749,1122424,926119,
2015-06-26,1888.027099609375,1476.9736328125,,,,50.841270446777344,3.567593574523926,50.88954162597656,3.626898765563965,0.9559095501899719,1.1180340051651,0.75,5245,,,,,80576135,2110759,,
2015-06-27,2356.697509765625,7502.90380859375,,,,50.85205078125,3.568063974380493,50.89712905883789,3.624586582183838,1.0125551223754883,4.609772205352783,0.5,11563,,,,,74155383,4283543,1142753,
2015-06-28,2312.781494140625,5813.740234375,,,,50.86080551147461,3.5675923824310303,51.038143157958984,3.68017578125,3.1760401725769043,15.78171443939209,0.75,12063,,,,,61928174,4563482,1366891,
2015-06-29,2277.70458984375,7822.49462890625,,,,50.86503219604492,3.578608989715576,51.04976272583008,3.740842580795288,3.310652494430542,10.965856552124023,0.5,8966,,,,720375,52836670,3806074,817760,
2015-06-30,2763.32763671875,21580.26171875,,,,51.01963424682617,3.7215335369110107,51.07432174682617,3.7415273189544678,3.415799379348755,13.202746391296387,0.5,8353,,,,5946454,72196143,2106092,911000,
2015-07-01,1837.1844482421875,1064.1983642578125,,,,51.04701232910156,3.7266602516174316,51.0496826171875,3.7336266040802,0.5142407417297363,5.0,0.5,2915,,,,,79955126,495049,240971,
2015-07-02,2044.65234375,3533.49267578125,,,,51.043556213378906,3.7266407012939453,51.04985809326172,3.73368501663208,3.2402405738830566,6.020797252655029,0.5,6265,,,,,83200763,1206465,925349,
2015-07-03,2554.35205078125,16830.1484375,,,,50.806968688964844,3.1963083744049072,51.0496826171875,3.7408194541931152,4.396650791168213,34.753597259521484,0.5,9504,,,,3976499,61915141,3348804,551580,
2015-07-04,2828.6298828125,16492.05078125,,,,50.86508560180664,2.7070469856262207,51.20698165893555,3.7397778034210205,6.4443769454956055,35.264183044433594,0.5,22430,,,,1042295,46281456,13786649,230918,
2015-07-05,1822.451416015625,320.361572265625,,,,50.86070251464844,2.7126550674438477,51.17246627807617,3.6454989910125732,3.5525765419006348,38.0,0.5,3105,,,,,57513224,1137912,,
2015-07-06,2508.66357421875,10814.267578125,,,,50.8671875,3.5786020755767822,51.04970932006836,3.7408287525177,2.558393955230713,23.25,0.5,10157,,,,2571618,71487359,4379885,743077,
2015-07-07,2475.2548828125,13051.732421875,,,,50.869625091552734,3.5788331031799316,51.05018615722656,3.741008996963501,5.5568132400512695,7.25,4.25,8981,,,,2950430,73330709,5853832,,
2015-07-08,2362.66455078125,4956.9453125,,,,50.86191177368164,3.5675809383392334,51.050315856933594,3.740818977355957,8.536640167236328,19.00657844543457,0.5,9467,,,,991258,68319855,4125656,1121750,
2015-07-09,2126.85595703125,4545.6494140625,,,,50.85746765136719,3.5785903930664062,51.04957580566406,3.740827798843384,2.0585222244262695,8.200610160827637,0.5,8200,,,,,69791650,3048399,792630,
2015-07-10,2250.1025390625,5793.08154296875,,,,50.845401763916016,3.5785903930664062,51.0289192199707,3.747462511062622,12.881698608398438,34.25,0.5,10672,,,,,69296843,4737525,742370,
2015-07-11,2249.09375,6509.64794921875,,,,50.86190414428711,2.934365749359131,51.252227783203125,3.7314882278442383,9.039236068725586,31.75,0.5,14537,,,,,54011070,4888350,747070,
2015-07-12,1914.1607666015625,1752.015869140625,,,,50.867191314697266,2.934145927429199,51.252227783203125,3.7376596927642822,4.046279430389404,37.619808197021484,0.7071067690849304,6262,,,,,60135592,2498459,,
2015-07-13,2054.923095703125,3416.5283203125,,,,50.86222839355469,3.5788259506225586,51.050148010253906,3.767244577407837,2.7798726558685303,19.525623321533203,0.55901700258255,7806,,,,,72746375,4158134,187139,
2015-07-14,1875.871337890625,1121.0372314453125,,,,50.871829986572266,3.579047679901123,51.03765869140625,3.748882532119751,0.8311291337013245,3.36340594291687,0.5,4191,,,,,71482411,1930429,,
2015-07-15,1982.043212890625,2156.763671875,,,,50.8607063293457,3.549941301345825,51.02407455444336,3.7408194541931152,14.029558181762695,32.265499114990234,1.0,5608,,,,,77602447,3505539,,
2015-07-16,1963.520263671875,2546.033203125,,,,50.84785842895508,3.56758189201355,51.02403259277344,3.7407479286193848,11.113484382629395,25.5,0.5,5431,,,,,73160904,3079129,61195,
2015-07-17,2307.599365234375,1996.6524658203125,,,,50.864933013916016,3.5786526203155518,51.050777435302734,3.748889207839966,6.378819942474365,32.253875732421875,0.5,4929,,,,3391709,61040077,2623423,,
2015-07-18,2196.358154296875,8074.51171875,,,,50.81621170043945,3.1280782222747803,51.082393646240234,3.7447404861450195,5.948509693145752,35.920921325683594,0.5,11405,,,,928579,52143220,5121212,,
2015-07-19,2400.75830078125,10707.1259765625,,,,50.45744323730469,3.7172226905822754,51.05851364135742,3.940568685531616,3.0876758098602295,9.410764694213867,0.5,16486,,,,626081,64048243,8663038,,
2015-07-20,2339.89697265625,10871.99609375,,,,50.86491775512695,3.579155921936035,51.05593490600586,3.748924732208252,1.6256048679351807,2.0,1.25,10025,,,,2265947,57839510,4816018,76604,
2015-07-21,2092.4931640625,4858.89697265625,,,,51.04356002807617,3.720137119293213,51.05511474609375,3.733555793762207,2.8840155601501465,21.0,0.5,8531,,,,358263,78029939,2014362,830850,
2015-07-22,2442.575439453125,12366.509765625,,,,51.02298355102539,3.7201828956604004,51.05678939819336,3.733635902404785,1.317747712135315,12.083045959472656,0.5,13457,,,,1775196,62280466,5381004,612726,
2015-07-23,2358.975341796875,8435.3291015625,,,,51.046104431152344,3.719745397567749,51.058292388916016,3.733444929122925,1.4127646684646606,5.0,0.5,14464,,,,681600,66598624,6055000,606965,
2015-07-24,2240.456298828125,6995.791015625,,,,50.86713790893555,3.5786430835723877,51.049903869628906,3.740356683731079,4.012760639190674,7.017834186553955,0.5,6797,,,,1882101,71965355,4169623,,
2015-07-25,3112.4150390625,18988.060546875,,,,50.80303955078125,3.165315866470337,51.05669403076172,3.736132860183716,3.050520658493042,16.0,0.5,19693,,,,4517055,54455640,12668131,,
2015-07-26,2027.8514404296875,2054.931640625,,,,51.04365921020508,3.7219338417053223,51.05101013183594,3.73454213142395,1.2561681270599365,6.4031243324279785,0.5,3664,,,,927055,83243743,453636,548293,
2015-07-27,2147.128173828125,1985.28173828125,,,,51.03961944580078,3.700347661972046,51.05593490600586,3.733792781829834,1.1459096670150757,9.219544410705566,0.5,4771,,,,2027043,77277863,445805,527114,
2015-07-28,1943.2828369140625,2528.177001953125,,,,51.03708267211914,3.6999781131744385,51.05631637573242,3.733560562133789,1.732919454574585,8.835298538208008,0.5,4357,,,,,73606101,907562,586222,
2015-07-29,1903.857177734375,757.1760864257812,,,,51.047237396240234,3.7003660202026367,51.050537109375,3.733177423477173,1.820027470588684,1.820027470588684,1.820027470588684,3668,,,,780381,79088581,1031382,,
2015-07-30,2413.45068359375,8395.2216796875,,,,51.04358673095703,3.721231698989868,51.052249908447266,3.7336208820343018,1.8865594863891602,5.147815227508545,0.75,12726,,,,442125,72545976,7214081,586595,
2015-07-31,2186.18603515625,9332.45703125,,,,51.046016693115234,3.7209360599517822,51.07427978515625,3.742621421813965,1.5962151288986206,12.971121788024902,0.5,8987,,,,1894249,74014566,3344036,,
2015-08-01,2497.793701171875,9984.8740234375,,,,51.008243560791016,3.6353657245635986,51.05710983276367,3.734771728515625,0.8740594387054443,4.25,0.5,16375,,,,696688,71707520,7935901,616308,
2015-08-02,1916.802978515625,2434.519775390625,,,,51.036964416503906,3.726433038711548,51.049896240234375,3.7342286109924316,1.1570723056793213,2.5,0.55901700258255,3879,,,,641180,80047892,1457863,,
2015-08-03,2236.611083984375,8742.5791015625,,,,51.02231216430664,3.7003824710845947,51.051902770996094,3.7336723804473877,3.2904233932495117,5.153882026672363,0.5,8285,,,,2283212,75740593,3437068,,
2015-08-04,2361.604736328125,5624.13916015625,,,,50.84782409667969,3.5791432857513428,51.051815032958984,3.737213134765625,1.789603590965271,4.069705009460449,0.5,9062,,,,2373223,69596881,2993711,652408,
2015-08-05,2075.798095703125,2941.25146484375,,,,50.847862243652344,3.578620195388794,50.893802642822266,3.62722110748291,1.6370311975479126,3.25,0.75,7182,,,,,71169620,4487997,180283,
2015-08-06,2224.05126953125,5113.65576171875,,,,50.867027282714844,3.577244758605957,50.874996185302734,3.6124722957611084,1.7216370105743408,4.25,0.5,9969,,,,,74131327,3508453,1616580,
2015-08-07,2105.203857421875,4081.638916015625,,,,50.847862243652344,3.5779547691345215,50.87675476074219,3.621584415435791,1.7218247652053833,3.75,0.5,9262,,,,,68667965,3751372,1711000,
2015-08-08,2286.9716796875,6516.34423828125,,,,50.861751556396484,3.5682919025421143,50.87754440307617,3.621584415435791,2.2424283027648926,4.190763473510742,0.5,12516,,,,,72096471,5426829,776571,
2015-08-09,2162.93603515625,4590.66357421875,,,,50.85789489746094,3.5778117179870605,50.87493896484375,3.615893602371216,1.119455099105835,3.0,0.5,8541,,,,,79892687,3496493,878253,
2015-08-10,2239.545166015625,5729.05419921875,,,,50.84315872192383,3.5786197185516357,50.87263488769531,3.6102054119110107,1.3090550899505615,2.3048861026763916,1.1180340051651,11495,,,,,64789938,7325727,,
2015-08-11,2008.9630126953125,2774.50830078125,,,,50.869384765625,3.578620672225952,51.04958724975586,3.748910427093506,14.265632629394531,33.0,1.0,7495,,,,,70163370,3904906,,
2015-08-12,2040.6405029296875,2933.450439453125,,,,50.847862243652344,3.5740175247192383,50.893775939941406,3.627171754837036,1.5183333158493042,4.949747562408447,0.5,7288,,,,,70167166,4374856,,
2015-08-13,1854.655517578125,851.4068603515625,,,,50.860008239746094,3.5675694942474365,50.872066497802734,3.6215927600860596,0.5,0.5,0.5,3126,,,,,80444802,1615675,,
2015-08-14,2066.4853515625,2980.49853515625,,,,50.847862243652344,3.578620672225952,50.88950729370117,3.6276605129241943,,,,8731,,,,,69347539,4758285,,
2015-08-15,1903.3824462890625,1650.3966064453125,,,,50.87181091308594,3.578620672225952,50.872066497802734,3.579324245452881,2.3584952354431152,2.3584952354431152,2.3584952354431152,4027,,,,,81324232,2338567,,
2015-08-16,1960.3037109375,2015.5059814453125,,,,50.86341094970703,3.578620195388794,50.899085998535156,3.6262218952178955,1.9219157695770264,6.324555397033691,0.5,6912,,,,,79585632,3183019,,
2015-08-17,2087.414306640625,4073.759521484375,,,,50.847862243652344,3.578620433807373,51.056888580322266,3.7407376766204834,1.1817560195922852,29.5,0.5,8872,,,,,71559241,5068775,,
2015-08-18,1861.5098876953125,987.5506591796875,,,,50.8718376159668,3.578620672225952,50.872066497802734,3.57938551902771,1.6290948390960693,1.6770509481430054,1.5811388492584229,3358,,,,,83330795,1717361,,
2015-08-19,2645.06494140625,10081.8505859375,,,,50.86176681518555,3.5682671070098877,51.167293548583984,4.148503303527832,2.268782615661621,8.1124906539917,0.5,20368,,,,,55363910,13341827,,
2015-08-20,1921.625244140625,1637.824462890625,,,,50.8478889465332,3.578599214553833,50.89379119873047,3.6269824504852295,2.250385046005249,7.762087345123291,2.0,5728,,,,,75733884,2609207,,
2015-08-21,2093.515869140625,3684.704345703125,,,,50.84788513183594,3.5786008834838867,50.89379119873047,3.627655267715454,1.5,2.5,0.5,8675,,,,,68434866,5159303,,
2015-08-22,2005.9195556640625,2754.5703125,,,,50.86941909790039,3.5786001682281494,51.05717849731445,3.7376139163970947,1.380429744720459,2.0,0.75,8462,,,,,70710352,3859756,,
2015-08-23,2113.930908203125,3299.823486328125,,,,50.861412048339844,3.5499680042266846,50.89379119873047,3.6276423931121826,0.875,1.25,0.5,7680,,,,,74547843,5187000,121455,
2015-08-24,2034.412353515625,2506.091552734375,,,,50.84788513183594,3.5785999298095703,51.038387298583984,3.7260658740997314,6.324555397033691,6.324555397033691,6.324555397033691,9359,,,,,54037352,3981971,132637,
2015-08-25,2040.3306884765625,3006.650634765625,,,,50.856224060058594,3.578599691390991,50.8720703125,3.6216063499450684,,,,7180,,,,,57135352,4370266,,
2015-08-26,1937.438232421875,1812.6544189453125,,,,50.84788513183594,3.578599691390991,50.893775939941406,3.627124309539795,,,,6876,,,,,75860997,2843801,,
2015-08-27,1962.202880859375,2612.108642578125,,,,50.8576774597168,3.578968048095703,51.03004455566406,3.7406954765319824,1.0,1.0,1.0,5795,,,,,76007727,3211195,,
2015-08-28,1870.8367919921875,1367.9879150390625,,,,50.84788513183594,3.578643798828125,51.02405548095703,3.7407798767089844,0.7675028443336487,1.520690679550171,0.55901700258255,4299,,,,,66277964,1855732,,
2015-08-29,2075.22412109375,3604.841796875,,,,50.8062858581543,3.101187229156494,51.03981018066406,3.7349135875701904,3.5571088790893555,29.504236221313477,0.5,9845,,,,,56177453,4887934,,
2015-08-30,2114.50634765625,4455.869140625,,,,50.84788513183594,3.5678892135620117,50.929046630859375,3.6303937435150146,2.000502347946167,5.0,1.0,7115,,,,,77301318,5392215,34645,
2015-08-31,2040.119384765625,2872.907470703125,,,,50.871856689453125,3.578312635421753,51.049591064453125,3.748290538787842,3.5911056995391846,6.8007354736328125,1.6007810831069946,11130,,,,,62957748,4367135,,
2015-09-01,2161.63623046875,4600.21142578125,,,,50.8519401550293,3.568244218826294,50.89447021484375,3.627124309539795,1.0405694246292114,1.5811388492584229,0.5,9462,,,,,73757940,5246904,407219,
2015-09-02,2050.2724609375,3270.479248046875,,,,50.8478889465332,3.578599691390991,50.87230682373047,3.6216111183166504,1.3605612516403198,2.5,0.5,7372,,,,,73611814,4517762,,
2015-09-03,1988.9022216796875,1835.9068603515625,,,,50.85439682006836,3.578599214553833,51.048065185546875,3.735713005065918,13.207978248596191,28.75,0.5,4234,,,,799976,70935875,2260068,,
2015-09-04,2199.5634765625,4226.533203125,,,,50.8632698059082,3.550060510635376,51.05215835571289,3.7493793964385986,2.2372708320617676,16.25,0.55901700258255,11765,,,,,56124534,6732568,,
2015-09-05,2035.367431640625,3176.407958984375,,,,50.86943435668945,3.578599691390991,51.05705261230469,3.7315332889556885,0.890408992767334,2.5495097637176514,0.5,9984,,,,,67094436,4296637,,
2015-09-06,1844.154052734375,1070.9796142578125,,,,50.87150955200195,3.578601598739624,50.872127532958984,3.579202651977539,1.0408984422683716,1.6007810831069946,0.5,2422,,,,,84225499,1459879,,
2015-09-07,1945.4794921875,2226.149658203125,,,,50.8718376159668,3.57873797416687,51.04813003540039,3.7526111602783203,1.8964624404907227,3.5794553756713867,0.5,5121,,,,,79757750,2963105,,
2015-09-08,2084.267333984375,4157.943359375,,,,50.85096740722656,3.578599452972412,51.04818344116211,3.732038736343384,2.4307661056518555,27.0,0.5,11022,,,,,64285778,5741993,,
2015-09-09,2226.296630859375,4627.408203125,,,,50.871917724609375,3.578599691390991,51.0504264831543,3.748943328857422,1.7521913051605225,7.040063858032227,0.5,11152,,,,836930,68324483,5719715,,
2015-09-10,2291.7734375,6075.38037109375,,,,50.840423583984375,3.578599691390991,51.053409576416016,3.733619213104248,0.9698629379272461,2.015564441680908,0.5,9346,,,,1377907,68868386,5780047,,
2015-09-11,2398.333984375,9714.611328125,,,,50.871917724609375,3.578599214553833,51.050384521484375,3.7488505840301514,2.4177870750427246,2.610076665878296,1.0,6456,,,,3941505,69958718,3043622,,
2015-09-12,2235.935302734375,4540.75537109375,,,,50.98890686035156,3.3104360103607178,51.077247619628906,3.736030101776123,2.7131271362304688,33.241539001464844,0.5,11002,,,,650510,59337785,5884884,128789,
2015-09-13,1782.1065673828125,494.020751953125,,,,51.04795455932617,3.7228057384490967,51.050567626953125,3.7233710289001465,1.2081260681152344,1.6007810831069946,0.7071067690849304,1490,,,,,85246901,539370,,
2015-09-14,2301.820556640625,4503.84033203125,,,,51.03721237182617,3.7212703227996826,51.050567626953125,3.7525293827056885,2.0560336112976074,3.5,0.5,5812,,,,1448145,75982990,2353393,1526082,
2015-09-15,2391.93603515625,5654.638671875,,,,51.02645492553711,3.6895973682403564,51.04814910888672,3.727116584777832,2.320831060409546,6.5,0.55901700258255,11372,,,,,69817542,5280857,1900492,
2015-09-16,2048.4462890625,2602.58740234375,,,,51.02125549316406,3.7177445888519287,51.21388244628906,4.560384273529053,8.893324851989746,42.0,0.5,2742,,,,1973223,65793671,1167595,,
2015-09-17,2035.337890625,3741.2119140625,,,,50.860191345214844,3.579176902770996,51.04839324951172,3.7305760383605957,8.337536811828613,34.75,0.55901700258255,8128,,,,,57292832,4296200,,
2015-09-18,2092.7158203125,3164.2236328125,,,,51.02769470214844,3.718794107437134,51.048255920410156,3.74880051612854,1.0,1.5,0.5,9509,,,,837279,69250371,3737013,,
2015-09-19,2588.968505859375,10135.296875,,,,50.87176513671875,3.5790789127349854,51.102596282958984,4.020404815673828,5.0144853591918945,33.0,0.5,19172,,,,,59295249,12507288,,
2015-09-20,2118.81494140625,3631.162109375,,,,50.8714485168457,3.578599214553833,51.05104446411133,3.728415012359619,2.7374515533447266,5.618051052093506,0.5,10768,,,,,40065092,5083396,197126,
2015-09-21,1745.7498779296875,,,,,51.036888122558594,3.7042455673217773,51.05281066894531,3.7489051818847656,1.6687793731689453,5.590169906616211,0.5,9840,,,,,,,,
2015-09-22,1745.75,,,,,51.037330627441406,3.722660779953003,51.05058670043945,3.726594924926758,1.7670867443084717,2.5124688148498535,0.75,5772,,,,,15266800,,,
2015-09-23,2064.35009765625,3923.90185546875,,,,51.04080581665039,3.722384452819824,51.04854965209961,3.7307369709014893,0.846504271030426,2.75,0.5,11457,,,,,71206804,3805423,449835,
2015-09-24,2077.831298828125,5864.2958984375,,,,50.845767974853516,3.579176425933838,51.05119705200195,3.7444658279418945,4.831329822540283,12.50999641418457,0.5,7078,,,,1637569,66938589,1524466,278729,
2015-09-25,2218.713134765625,8900.1513671875,119.0,119.0,119.0,51.03387451171875,3.722684144973755,51.048194885253906,3.748957395553589,1.7565892934799194,4.279310703277588,0.5,6749,,,,3878851,61139421,484365,,
2015-09-26,2897.56201171875,13002.9599609375,,,,50.838069915771484,3.2980496883392334,51.04811096191406,3.7440185546875,1.3167449235916138,8.5,0.5,22883,,,,542681,56085528,15822682,152429,
2015-09-27,1923.1337890625,2262.128662109375,,,,50.86927032470703,3.71101450920105,51.04811477661133,4.667994022369385,17.685884475708008,36.75,1.0,1805,,,,1035288,78104138,888078,,
2015-09-28,2201.587646484375,4732.17919921875,,,,51.033878326416016,3.721233606338501,51.050777435302734,3.748936176300049,1.3426780700683594,4.069705009460449,0.5,6086,,,,1993040,73866907,2588142,247713,
2015-09-29,1969.294677734375,614.4908447265625,,,,51.04220962524414,3.7226827144622803,51.048274993896484,3.7232699394226074,0.7623406648635864,1.4142135381698608,0.5,1855,,,,1529219,80010642,741074,,
2015-09-30,2022.13916015625,1664.0177001953125,,,,50.87187957763672,3.578604221343994,51.050811767578125,3.7233660221099854,1.501035451889038,3.25,0.55901700258255,4642,,,,696470,75731970,1688208,547000,
2015-10-01,1905.9559326171875,3080.937255859375,,,,50.7322998046875,3.5787057876586914,51.0481071472168,4.3068928718566895,12.345725059509277,40.75,0.5,3549,,,,703728,71711881,1191605,,
2015-10-02,2097.987060546875,2273.7216796875,,,,50.844146728515625,3.602858304977417,51.050506591796875,3.7502949237823486,2.3632500171661377,3.913119077682495,0.55901700258255,7512,,,,1500590,67114192,2698511,,
2015-10-03,2570.260009765625,9193.80859375,,,,51.01457977294922,2.732454776763916,51.200077056884766,3.7359395027160645,3.2286715507507324,42.25,0.5,18076,,,,,51963264,9085358,916185,
2015-10-04,1975.819580078125,3044.724365234375,,,,50.85105514526367,3.578599214553833,51.04819869995117,3.73325514793396,1.001652717590332,2.5,0.5,6019,,,,,71341613,2891100,213405,
2015-10-05,2228.261962890625,8820.09765625,,,,51.02239990234375,3.7079944610595703,51.05343246459961,3.744029998779297,1.254425048828125,3.288236618041992,0.55901700258255,6551,,,,1879538,75879926,3993028,,
2015-10-06,1848.908935546875,1803.0,,,,51.03373336791992,3.7228822708129883,51.048057556152344,3.7440309524536133,,,,659,,,,908755,85180265,,,
2015-10-07,1843.2415771484375,956.3482055664062,,,,51.04551315307617,3.720715284347534,51.04822540283203,3.7264556884765625,2.481971502304077,7.075485706329346,0.5,4113,,,,,78963843,1446342,,
2015-10-08,2147.746826171875,4084.523193359375,,,,51.03706741333008,3.721625328063965,51.048187255859375,3.733119249343872,2.062102794647217,3.5,0.5,7264,,,,,74909534,2995626,786354,
2015-10-09,1889.042236328125,2707.708984375,,,,51.033851623535156,3.7225565910339355,51.04827117919922,3.748958110809326,1.0231702327728271,2.915475845336914,0.5,4526,,,,803633,78950491,313890,153000,
2015-10-10,2893.978271484375,13098.025390625,,,,50.8485221862793,2.8741161823272705,51.048160552978516,3.7369656562805176,3.200213670730591,34.839813232421875,0.5,21042,,,,,47682607,17034600,,
2015-10-11,1988.657958984375,2396.29931640625,,,,50.851531982421875,3.578599214553833,51.048179626464844,3.7232704162597656,1.4520483016967773,2.0,0.55901700258255,3604,,,,812457,75737707,2235428,,
2015-10-12,2536.685546875,10296.798828125,,,,51.02239990234375,3.710336923599243,51.04817199707031,3.733490467071533,1.789114236831665,4.25,0.5,9025,,,,3043764,71943260,3239650,933292,
2015-10-13,2145.13720703125,5855.69775390625,,,,51.03327560424805,3.703091621398926,51.05070495605469,3.7280712127685547,1.6570746898651123,2.7950849533081055,0.5,7727,,,,597111,71954992,4919544,,
2015-10-14,1800.336669921875,525.7778930664062,,,,51.045650482177734,3.7228055000305176,51.04814910888672,3.7280561923980713,3.0117242336273193,7.0,0.5,2576,,,,,76827387,809824,,
2015-10-15,2236.594970703125,4863.2763671875,,,,51.03387451171875,3.7211711406707764,51.05362319946289,3.7440128326416016,3.0799319744110107,7.382411479949951,0.5,9220,,,,709792,77285114,4817648,560000,
2015-10-16,2160.299560546875,4804.451171875,,,,50.863136291503906,3.5791776180267334,51.04812240600586,3.7487568855285645,,,,4966,,,,3114600,60007134,904826,,
2015-10-17,2048.7060546875,3904.550537109375,,,,49.042816162109375,3.0689098834991455,50.87202072143555,3.957122325897217,,,,6834,,,,,50170531,4231991,115879,
2015-10-18,1785.5894775390625,539.0714721679688,,,,51.04802703857422,3.722848415374756,51.04817581176758,3.723154067993164,1.1180340051651,1.1180340051651,1.1180340051651,1158,,,,,84810856,591042,,
2015-10-19,2251.43603515625,5994.08544921875,,,,51.02239990234375,3.7105824947357178,51.048240661621094,3.7324304580688477,1.183838963508606,3.2015621662139893,0.5,11913,,,,681214,69776477,5709261,210855,
2015-10-20,2589.63916015625,14547.8994140625,,,,51.02265167236328,3.710638999938965,51.074317932128906,3.7497987747192383,3.0730648040771484,12.0,0.5,10596,,,,4314114,70367604,5062451,84650,
2015-10-21,1963.5350341796875,3055.342529296875,,,,51.04623031616211,3.7225170135498047,51.05058288574219,3.7265524864196777,0.7795084714889526,1.0,0.55901700258255,7852,,,,,75122406,3227163,,
2015-10-22,2095.1484375,4239.0224609375,,,,51.04209899902344,3.722778797149658,51.048152923583984,3.733492374420166,2.724761486053467,3.0,2.5,5997,,,,,77475227,1598281,1024297,
2015-10-23,2177.800048828125,8086.26123046875,,,,50.84498977661133,3.5791544914245605,51.04822540283203,3.7485015392303467,2.4525623321533203,3.9051249027252197,1.0,8705,,,,1399588,67421027,4052680,,
2015-10-24,2306.17724609375,6198.7255859375,,,,50.84596633911133,3.578599691390991,51.0871467590332,4.361024856567383,1.1819405555725098,22.25,0.5,14116,,,,,48077408,8313557,,
2015-10-25,1909.187255859375,1701.15283203125,,,,51.02817916870117,3.719521999359131,51.05052947998047,3.728710412979126,2.8780412673950195,14.534441947937012,0.5,4051,,,,,81888709,1140285,709691,
2015-10-26,2227.303955078125,6012.966796875,,,,51.02239990234375,3.710584878921509,51.04816436767578,3.7333829402923584,1.3820701837539673,3.5794553756713867,0.5,6189,,,,1548620,65305740,1502453,742623,
2015-10-27,2379.27197265625,4589.0029296875,,,,51.03387451171875,3.722655773162842,51.048179626464844,3.748727798461914,0.8960779309272766,6.329494476318359,0.5,8535,,,,1779878,74631056,2735285,1020226,
2015-10-28,1954.019775390625,2780.793212890625,,,,51.04252624511719,3.72177791595459,51.04874801635742,3.728060245513916,3.3446474075317383,7.0,0.55901700258255,7973,,,,,75669120,2161533,271749,
2015-10-29,2085.9794921875,4580.029296875,,,,51.042205810546875,3.722628116607666,51.048194885253906,3.727088689804077,1.1145188808441162,3.9051249027252197,0.5,6712,,,,,82357136,2195926,1201864,
2015-10-30,2003.258544921875,2465.505859375,,,,50.8719482421875,3.579176425933838,51.04813766479492,3.7488412857055664,2.5290141105651855,3.25,2.0,7678,,,,,67973416,3066373,207000,
2015-10-31,2339.962158203125,7981.8046875,,,,50.85162353515625,3.578599691390991,51.05704879760742,3.7331058979034424,0.6476718187332153,7.632168769836426,0.5,16663,,,,,59598130,8812870,,
2015-11-01,1963.4854736328125,2531.70849609375,,,,51.047542572021484,3.720921516418457,51.05585861206055,3.728625774383545,1.3359907865524292,10.404326438903809,0.5,5059,,,,,82080034,1151454,525541,
2015-11-02,2257.572998046875,6414.34765625,,,,51.04009246826172,3.7227609157562256,51.048126220703125,3.73335337638855,1.5213063955307007,3.25,0.5,11543,,,,,71798839,4409570,853150,
2015-11-03,2053.819580078125,4221.923828125,,,,51.03911209106445,3.7209901809692383,51.04814910888672,3.7261228561401367,1.9807302951812744,5.147815227508545,0.5,10384,,,,,65666050,4570383,,
2015-11-04,2156.783935546875,3766.025390625,,,,51.039512634277344,3.7227530479431152,51.04827117919922,3.730613946914673,1.1909537315368652,4.069705009460449,0.5,7943,,,,249798,44066359,3137543,1121000,
2015-11-05,2044.2059326171875,3778.051025390625,,,,50.84349822998047,3.5453591346740723,51.05001449584961,3.726428508758545,4.712448596954346,15.75,0.5,8333,,,,,64087753,4427757,,
2015-11-06,2232.330078125,8114.3857421875,,,,51.0372428894043,3.722683906555176,51.05452346801758,3.7488009929656982,0.7985259890556335,1.1180340051651,0.55901700258255,10956,,,,1417426,60915172,4831623,,
2015-11-07,2981.469970703125,14897.439453125,,,,50.846683502197266,3.448934316635132,51.09758377075195,4.355274200439453,5.651515960693359,38.0,0.5,20267,,,,2185494,56786616,14652040,,
2015-11-08,2336.71923828125,7532.9384765625,,,,50.843719482421875,3.7188773155212402,51.05051803588867,4.375273704528809,1.6928035020828247,5.857687473297119,0.5,6213,,,,1576073,68945971,2563599,1566732,
2015-11-09,2358.041015625,9983.2373046875,,,,51.03725814819336,3.721337080001831,51.048274993896484,3.748873472213745,1.3109809160232544,3.25,0.55901700258255,11704,,,,1587085,68331794,4237125,568000,
2015-11-10,1931.510986328125,2600.92431640625,,,,51.0386848449707,3.722501754760742,51.05059051513672,3.727064371109009,1.6859877109527588,4.75,0.5,7152,,,,,71552262,1978105,233833,
2015-11-11,2154.72509765625,6218.78759765625,,,,49.60716247558594,3.7228286266326904,51.04810333251953,6.210738182067871,7.198768615722656,35.60284423828125,0.5,8318,,,,831279,48673376,4667428,,
2015-11-12,1986.372802734375,3032.361328125,,,,49.60403823852539,3.7411820888519287,51.03773880004883,6.210738658905029,15.417531967163086,32.515380859375,0.5,7021,,,,,33494302,3569775,,
2015-11-13,2258.976318359375,8396.65625,,,,50.871925354003906,3.5789401531219482,51.05588912963867,3.748804807662964,3.339890956878662,4.069705009460449,2.610076665878296,8277,,,,2773808,66337028,2941542,,
2015-11-14,2185.320556640625,6294.5625,,,,50.879947662353516,3.650994300842285,51.04833984375,4.704064846038818,1.6060248613357544,6.5,0.5,12486,,,,354661,55610051,5923839,,
2015-11-15,1950.1214599609375,2730.3271484375,,,,51.039546966552734,3.72271990776062,51.04836654663086,3.7330548763275146,1.9688705205917358,3.3541018962860107,0.55901700258255,6193,,,,,75641333,813018,670116,
2015-11-16,2318.4970703125,7658.75927734375,,,,51.03718566894531,3.7227187156677246,51.04827880859375,3.7488327026367188,1.4185521602630615,3.0,0.5,7267,,,,2525507,70044000,1995781,648361,
2015-11-17,2389.883544921875,12018.78515625,,,,51.02114486694336,3.688093662261963,51.048255920410156,3.7259116172790527,1.0333834886550903,1.75,0.55901700258255,4368,,,,3925257,75264779,2093397,278445,
2015-11-18,2237.592041015625,4878.1337890625,,,,51.047176361083984,3.721303939819336,51.05595397949219,3.7306976318359375,1.1467183828353882,3.605551242828369,0.5,10981,,,,546838,73473712,5451326,283973,
2015-11-19,2051.408447265625,3986.71875,,,,51.039634704589844,3.722621440887451,51.04838943481445,3.7335519790649414,1.0118346214294434,2.75,0.5,10207,,,,,80013009,2447095,1318553,
2015-11-20,2350.23095703125,9345.69140625,,,,51.037479400634766,3.7226173877716064,51.051246643066406,3.748777389526367,1.3893122673034668,2.75,0.75,11174,,,,1415781,69051205,2176741,1492003,
2015-11-21,2002.2745361328125,2798.665283203125,159.0,159.0,159.0,51.04385757446289,3.7210726737976074,51.049015045166016,3.733524799346924,1.2640182971954346,3.25,0.5,4398,,,,,84333349,416343,1142819,
2015-11-22,2104.547607421875,4684.40869140625,,,,51.04365539550781,3.7226715087890625,51.05070495605469,3.73356556892395,2.626775026321411,5.0,0.5,6471,,,,,75854660,595577,2584400,
2015-11-23,1889.298095703125,1117.7686767578125,,,,51.04564666748047,3.7226710319519043,51.04814529418945,3.7279887199401855,2.46764874458313,4.5,0.75,4253,,,,,79218327,1169133,423949,
2015-11-24,2008.0030517578125,4282.646484375,,,,51.03753662109375,3.722723960876465,51.04810333251953,3.748713493347168,1.076745629310608,1.5811388492584229,0.55901700258255,5961,,,,528049,72660571,2865262,60087,
2015-11-25,1804.67919921875,623.9993896484375,,,,51.047271728515625,3.7226943969726562,51.048152923583984,3.7269110679626465,1.144302487373352,2.0,0.5,4700,,,,,79306117,874245,,
2015-11-26,2033.65625,3169.181640625,,,,51.04412841796875,3.7225422859191895,51.04825973510742,3.7334651947021484,1.4823590517044067,6.0,0.55901700258255,5908,,,,,73951450,950599,1018706,
2015-11-27,2205.783447265625,7457.8798828125,,,,51.03390884399414,3.7220981121063232,51.04823684692383,3.748807907104492,1.2058967351913452,3.5,0.5,6483,,,,1797898,77603029,548948,971110,
2015-11-28,2081.440673828125,3835.828857421875,,,,50.82426834106445,3.2630982398986816,51.050743103027344,3.7237794399261475,1.5826369524002075,3.0,0.75,6783,,,,,70308875,3516186,805470,
2015-11-29,2072.363525390625,3873.78173828125,,,,50.82392120361328,3.2631123065948486,51.048126220703125,3.7229928970336914,1.157324194908142,3.5,0.75,6103,,,,,75633970,1535105,834384,
2015-11-30,2157.7392578125,7166.185546875,,,,51.03743362426758,3.722701072692871,51.049007415771484,3.748722791671753,1.5074188709259033,3.0,0.5,5785,,,,1149771,71115177,2058595,1075105,
2015-12-01,1800.610595703125,686.3445434570312,,,,51.04753875732422,3.722719430923462,51.050506591796875,3.7306652069091797,1.3717042207717896,2.75,0.5,2190,,,,,82328883,813889,,
2015-12-02,1922.714111328125,1103.4273681640625,,,,51.045650482177734,3.7227158546447754,51.048179626464844,3.7279863357543945,1.4339349269866943,1.5,1.346291184425354,3530,,,,629379,81318149,1565432,,
2015-12-03,2015.17138671875,2229.32861328125,,,,51.047950744628906,3.722578287124634,51.048194885253906,3.723273992538452,1.633184790611267,9.890020370483398,0.5,4463,,,,638253,83149240,1304186,393000,
2015-12-04,2065.52783203125,6423.28662109375,,,,51.03389358520508,3.721709728240967,51.04890441894531,3.748781681060791,1.9232591390609741,9.394146919250488,0.5,5955,,,,1282851,60447535,1693744,317996,
2015-12-05,1824.767333984375,1140.8848876953125,,,,51.04780578613281,3.721665143966675,51.04848098754883,3.7234535217285156,1.1758227348327637,8.0,0.5,2062,,,,,74686923,735485,119122,
2015-12-06,1931.16748046875,1170.89208984375,,,,50.87168502807617,3.578340768814087,51.048099517822266,3.722982883453369,1.1347285509109497,8.0,0.5,2448,,,,834888,74006070,1344753,,
2015-12-07,2316.08447265625,6330.52734375,,,,50.85273361206055,3.5788393020629883,51.05069351196289,3.748676300048828,1.2358994483947754,4.5,0.5,8211,,,,3303179,65279133,2742256,60311,
2015-12-08,2138.006591796875,4014.899169921875,,,,51.043758392333984,3.722714900970459,51.05175018310547,3.7334742546081543,0.7150201797485352,3.25,0.5,6856,,,,,73371347,2227409,1020784,
2015-12-09,2200.512451171875,3182.09912109375,,,,51.032588958740234,3.7227494716644287,51.048221588134766,3.7484941482543945,1.4686554670333862,3.75,0.75,5318,,,,1403519,79256968,1100842,959412,
2015-12-10,1745.75,,,,,51.04792785644531,3.72283673286438,51.048194885253906,3.7231016159057617,3.036418914794922,29.0,0.5,1852,,,,,86400000,,,
2015-12-11,2074.023681640625,1834.842529296875,,,,51.024234771728516,3.7215871810913086,51.04815673828125,3.729139804840088,0.5295084714889526,0.55901700258255,0.5,5885,,,,1218207,75809038,2818556,,
2015-12-12,1909.6827392578125,1016.47119140625,,,,51.04768371582031,3.7226693630218506,51.05093002319336,3.752150297164917,1.291517972946167,2.610076665878296,0.5,5344,,,,626366,76386750,1377180,,
2015-12-13,1745.749755859375,,,,,51.047847747802734,3.7227015495300293,51.04810333251953,3.7232725620269775,1.1180340051651,1.1180340051651,1.1180340051651,352,,,,,84492514,,,
2015-12-14,2678.111328125,4693.29541015625,,,,51.01589584350586,3.722698450088501,51.04838180541992,3.7487337589263916,1.187873125076294,4.75,0.5,8677,,,,4742735,68076222,5726524,52263,
2015-12-15,2054.44677734375,1459.49560546875,,,,51.02377700805664,3.7228469848632812,51.04856491088867,3.740799903869629,0.55901700258255,0.55901700258255,0.55901700258255,3290,,,,1516363,81946514,2025999,,
2015-12-16,2474.99072265625,2245.54052734375,,,,51.023780822753906,3.722832679748535,51.0480842590332,3.7407097816467285,,,,4799,,,,4808932,75589229,2720041,,
2015-12-17,2182.939697265625,2202.705322265625,,,,51.02145767211914,3.710594654083252,51.048152923583984,3.7440247535705566,,,,4938,,,,2257697,68866966,2683794,,
2015-12-18,2117.16455078125,925.9183349609375,,,,51.03390121459961,3.7208564281463623,51.0483283996582,3.748760461807251,,,,4303,,,,2594560,78274105,1140687,,
2015-12-19,2403.1826171875,8143.2197265625,,,,51.04735565185547,3.7201619148254395,51.05691146850586,3.7315988540649414,1.0500468015670776,2.9261748790740967,0.5,13832,,,,499929,73726256,8210416,278916,
2015-12-20,1745.7501220703125,,,,,51.04798889160156,3.722803831100464,51.048240661621094,3.723095178604126,0.5167202353477478,0.55901700258255,0.5,575,,,,,86400000,,,
2015-12-21,2333.8466796875,6476.68212890625,,,,51.02033996582031,3.686673164367676,51.0506477355957,3.7306435108184814,1.1645557880401611,20.5,0.5,7355,,,,3299880,59864303,2616610,142000,
2015-12-22,1950.6884765625,1538.6470947265625,,,,,,,,,,,2026,,,,,,,1342000,
2015-12-23,1745.75,,,,,,,,,,,,,,,,,,,,
2015-12-24,2002.762939453125,920.7813720703125,,,,,,,,,,,1212,,,,,,,1683000,
2015-12-25,1745.7498779296875,,,,,,,,,,,,,,,,,,,,
2015-12-26,1745.749755859375,,,,,,,,,,,,,,,,,,,,
2015-12-27,1916.733642578125,3015.8623046875,,,,,,,,,,,3971,,,,,,,1832000,
2015-12-28,2045.7962646484375,3274.355224609375,,,,,,,,,,,4311,,,,,,,1235000,
2015-12-29,2128.7041015625,4218.4931640625,,,,,,,,,,,5555,,,,,,,1586000,
2015-12-30,2042.57373046875,3244.695068359375,,,,,,,,,,,4272,,,,,,,1345000,
2015-12-31,1935.25927734375,2578.65185546875,,,,,,,,,,,3395,,,,,,,1707000,
2016-01-01,1782.042236328125,401.7646789550781,,,,,,,,,,,529,,,,,,,134000,
2016-01-02,1829.893798828125,297.6497802734375,,,,,,,,,,,392,,,,,,,551000,
2016-01-03,2038.462890625,3216.2578125,,,,,,,,,,,4235,,,,,,,1202000,
2016-01-04,1912.9283447265625,1910.2430419921875,,,,,,,,,,,2515,,,,,,,981000,
2016-01-05,2127.18896484375,4122.0126953125,,,,,,,,,,,5428,,,,,,,1661000,
2016-01-06,1949.968994140625,2202.45166015625,,,,,,,,,,,2900,,,,,,,880000,
2016-01-07,2146.15869140625,1512.9298095703125,,,,,,,,,,,1992,,,,,,,2622000,
2016-01-08,2040.3824462890625,3228.55322265625,,,,,,,,,,,4251,,,,,,,1107000,
2016-01-09,2073.3154296875,2301.667724609375,,,,,,,,,,,3031,,,,,,,2145000,
2016-01-10,1961.3521728515625,2419.600341796875,,,,,,,,,,,3186,,,,,,,1158000,
2016-01-11,1745.75,,,,,,,,,,,,,,,,,,,,
2016-01-12,2164.331298828125,1564.354736328125,,,,,,,,,,,2060,,,,,,,2741000,
2016-01-13,1745.749755859375,,,,,,,,,,,,,,,,,,,,
2016-01-14,1745.7498779296875,,,,,,,,,,,,,,,,,,,,
2016-01-15,1775.45654296875,353.3878173828125,,,,,,,,,,,465,,,,,,,163000,
2016-01-16,2235.189453125,2706.58837890625,,,,,,,,,,,3564,,,,,,,3205000,
2016-01-17,1991.796630859375,2729.97802734375,,,,,,,,,,,3595,,,,,,,1136000,
2016-01-18,1745.75,,,,,,,,,,,,,,,,,,,,
2016-01-19,2046.7462158203125,3237.10791015625,,,,,,,,,,,4262,,,,,,,1089000,
2016-01-20,1745.75,,,,,,,,,,,,,,,,,,,,
2016-01-21,2033.796142578125,3175.1552734375,,,,,,,,,,,4181,,,,,,,1235000,
2016-01-22,1990.84765625,2701.605712890625,,,,,,,,,,,3557,,,,,,,985000,
2016-01-23,1277.70654296875,2715.961181640625,,,,,,,,,,,3576,,,,,,,997000,
2016-02-15,1245.7056884765625,,,,,,,,,,,,,,,,,,,,
2016-02-16,1745.7498779296875,,,,,,,,,,,,,,,,,,,,
2016-02-17,1745.7498779296875,,,,,,,,,,,,,,,,,,,,
2016-02-18,1745.7498779296875,,,,,,,,,,,,,,,,,,,,
2016-02-19,1745.7498779296875,,,,,,,,,,,,,,,,,,,,
2016-02-20,1745.7498779296875,,,,,,,,,,,,,,,,,,,,
2016-02-21,1745.7498779296875,,,,,,,,,,,,,,,,,,,,
2016-02-22,1780.759521484375,392.7781066894531,,,,,,,,,,,517,,,,,,,148000,
2016-02-23,1821.18310546875,807.6573486328125,,,,,,,,,,,1063,,,,,,,325000,
2016-02-24,1891.7479248046875,1600.2930908203125,,,,,,,,,,,2107,,,,,,,594000,
2016-02-25,928.626708984375,917.47412109375,,,,,,,,,,,1208,,,,,,,322000,
2016-06-03,,,42.269222259521484,47.0,40.0,,,,,,,,,,,,,,,,
2016-06-17,,,150.0,150.0,150.0,,,,,,,,,,,,,,,,
2016-07-06,,,59.0,59.0,59.0,,,,,,,,,,,,,,,,
2016-07-21,,,83.0,83.0,83.0,,,,,,,,,,,,,,,,
2016-07-29,1709.3121337890625,,,,,,,,,,,,,,,,,,,,
2016-07-30,1745.749755859375,,,,,,,,,,,,,,,,,,,,
2016-07-31,1745.749755859375,,,,,,,,,,,,,,,,,,,,
2016-08-01,1745.749755859375,,,,,,,,,,,,,,,,,,,,
2016-08-02,1745.749755859375,,,,,,,,,,,,,,,,,,,,
2016-08-03,1745.749755859375,,,,,,,,,,,,,,,,,,,,
2016-08-04,1745.749755859375,,,,,,,,,,,,,,,,,,,,
2016-08-05,50.6392936706543,,,,,51.03721237182617,3.7479333877563477,51.0374870300293,3.7480862140655518,,,,474,,,,,250741,81832,,
2016-08-11,1174.6904296875,,,,,,,,,,,,,,,,,,,,
2016-08-12,1745.7498779296875,,,,,,,,,,,,,,,,,,,,
2016-08-13,1745.7498779296875,,,,,,,,,,,,,,,,,,,,
2016-08-14,1745.7498779296875,,,,,,,,,,,,,,,,,,,,
2016-08-15,1745.7498779296875,,,,,,,,,,,,,,,,,,,,
2016-08-16,1745.7498779296875,,,,,,,,,,,,,,,,,,,,
2016-08-17,1745.7498779296875,,,,,,,,,,,,,,,,,,,,
2016-08-18,2136.254638671875,10163.5771484375,,,,51.03324508666992,3.7213306427001953,51.05355453491211,3.748728036880493,5.101921081542969,7.119999885559082,0.7599999904632568,4154,85.0,85.0,85.0,2280955,47600013,3014600,,
2016-08-19,1786.4727783203125,281.534423828125,,,,51.047119140625,3.7227160930633545,51.048126220703125,3.727177143096924,,,,1356,,,,,84123466,298879,,
2016-08-20,1929.4288330078125,1283.2396240234375,,,,50.871944427490234,3.5791006088256836,51.055294036865234,3.7273848056793213,2.2026407718658447,23.1200008392334,0.5400000214576721,3564,,,,,77124951,1883551,211794,
2016-08-21,2097.939208984375,4057.27392578125,,,,50.871849060058594,3.567570924758911,50.87356185913086,3.5796709060668945,1.1840755939483643,4.75,0.5299999713897705,7277,,,,,80219770,3553911,524042,
2016-08-22,2208.044921875,9404.869140625,,,,50.84785079956055,3.5788702964782715,50.8728141784668,3.6038014888763428,1.512272596359253,5.869999885559082,0.5299999713897705,5273,,,,2049391,72490994,4194607,,
2016-08-23,2257.856689453125,6101.26025390625,,,,50.86891555786133,3.56719708442688,50.87393569946289,3.5795907974243164,2.5561485290527344,6.920000076293945,0.5400000214576721,6855,,,,1230286,67051985,4002078,788884,
2016-08-24,2068.2294921875,1497.439208984375,,,,50.86228561401367,3.5787599086761475,50.87211227416992,3.59855580329895,,,,4481,,,,1641128,72823298,2612725,,
2016-08-25,2073.309814453125,8064.40673828125,,,,50.871768951416016,3.5789921283721924,51.050045013427734,3.752011299133301,6.953126907348633,25.81999969482422,0.550000011920929,2065,,,,3509268,62504323,690589,,
2016-08-26,2638.77880859375,17868.56640625,,,,50.847896575927734,3.5789949893951416,51.05057144165039,3.735283136367798,1.9256536960601807,3.4200000762939453,0.6000000238418579,8236,,,,5456945,50026260,5042300,764887,
2016-08-27,2420.625244140625,6742.201171875,,,,50.86789321899414,3.5640087127685547,50.87215042114258,3.5794661045074463,1.0021507740020752,1.6200000047683716,0.5099999904632568,11278,,,,,71143510,7866208,675133,
2016-08-28,2096.57177734375,2562.9990234375,,,,50.87164306640625,3.578909397125244,50.872440338134766,3.581434965133667,1.1100690364837646,1.5499999523162842,0.6100000143051147,7085,,,,,73180977,4774780,,
2016-08-29,2107.093017578125,4732.76220703125,,,,50.847896575927734,3.5788722038269043,50.87225341796875,3.603872776031494,1.7866156101226807,8.119999885559082,0.5600000023841858,5226,,,,1722459,75031945,3086776,,
2016-08-30,2353.656005859375,6481.0048828125,,,,50.843509674072266,3.567615270614624,51.0477180480957,3.7281734943389893,2.5478713512420654,28.989999771118164,0.5600000023841858,8888,,,,1680568,61291799,5764970,403619,
2016-08-31,2384.379150390625,7305.6826171875,,,,50.843509674072266,3.5790352821350098,51.05403518676758,3.7228989601135254,1.592099905014038,22.5,0.6299999952316284,8781,,,,2960809,55818441,5292676,209406,
2016-09-01,1889.7791748046875,1054.9844970703125,,,,50.872005462646484,3.578688859939575,50.87217330932617,3.5792152881622314,1.4901883602142334,2.4000000953674316,0.5799999833106995,2519,,,,,83308463,1790126,,
2016-09-02,2034.3095703125,6357.9052734375,,,,50.847896575927734,3.578678607940674,50.87214660644531,3.6038718223571777,2.3499999046325684,2.3499999046325684,2.3499999046325684,4095,,,,1702705,76276734,2057387,,
2016-09-03,2112.527587890625,3200.306884765625,,,,50.869930267333984,3.567257881164551,50.87403106689453,3.579681158065796,4.029036998748779,7.360000133514404,0.5699999928474426,4745,,,,570886,78495064,4395095,,
2016-09-04,2076.809326171875,2699.375244140625,,,,50.87179946899414,3.579073429107666,50.872528076171875,3.5811336040496826,1.6950312852859497,2.4700000286102295,1.0499999523162842,5720,,,,,78089970,4315192,77117,
2016-09-05,2160.609130859375,9307.7783203125,,,,50.84346008300781,3.5787079334259033,50.87215042114258,3.604844808578491,1.8669617176055908,5.420000076293945,0.5,6116,,,,1984274,73978075,3366430,94250,
2016-09-06,1991.6260986328125,1972.48779296875,,,,50.87186050415039,3.578728199005127,50.87217712402344,3.5794568061828613,0.7718711495399475,1.8899999856948853,0.5199999809265137,4976,,,,,78439576,3260092,,
2016-09-07,2312.85205078125,11675.306640625,,,,50.84785842895508,3.5641367435455322,50.87367630004883,3.6037983894348145,1.1758617162704468,10.350000381469727,0.5400000214576721,5842,,,,2583499,71076505,4997456,60026,
2016-09-08,2694.338134765625,17856.697265625,,,,50.85114288330078,3.5786662101745605,51.06143569946289,3.726062297821045,1.5114647150039673,5.119999885559082,0.5400000214576721,11927,,,,5804971,55437316,7122732,27175,
2016-09-09,2385.06005859375,14957.7275390625,,,,50.851165771484375,3.5789237022399902,51.06141662597656,3.7496447563171387,1.7549052238464355,6.800000190734863,0.5,9000,,,,3224229,68724567,5082988,182044,
2016-09-10,2195.7998046875,4535.015625,,,,50.8515510559082,3.5788469314575195,51.15084457397461,4.091681480407715,1.9840487241744995,18.81999969482422,0.5299999713897705,7813,,,,,69334155,5227144,433148,
2016-09-11,1892.550048828125,1171.0693359375,,,,50.871891021728516,3.578962802886963,50.87250900268555,3.5814402103424072,1.6443485021591187,7.71999979019165,0.5699999928474426,2949,,,,,81447317,1830119,,
2016-09-12,2041.258056640625,7409.546875,,,,50.84785842895508,3.567558765411377,50.87382507324219,3.6037983894348145,2.3537042140960693,6.28000020980835,0.5099999904632568,2959,,,,2170792,74547791,1513309,63858,
2016-09-13,1913.2923583984375,1187.0799560546875,,,,50.87186813354492,3.5789525508880615,50.872127532958984,3.5793895721435547,1.9250000715255737,2.1600000858306885,1.690000057220459,2545,,,,,81266054,2129489,,
2016-09-14,2269.507080078125,9615.0322265625,,,,50.84785842895508,3.5788164138793945,50.87213897705078,3.6038074493408203,1.6041877269744873,6.159999847412109,0.5199999809265137,5457,,,,3032022,67062713,4032095,,
2016-09-15,2049.3505859375,2396.367431640625,,,,50.871891021728516,3.5789122581481934,50.8722038269043,3.579540967941284,0.8431212306022644,3.319999933242798,0.5799999833106995,6156,,,,,78472402,4093228,,
2016-09-16,2342.816650390625,10187.3154296875,,,,50.84785842895508,3.5674211978912354,50.87361526489258,3.6038074493408203,2.582263946533203,6.980000019073486,0.5099999904632568,7102,,,,2757648,64044260,5178922,,
2016-09-17,2009.16455078125,1716.182373046875,,,,50.87197494506836,3.578965425491333,50.87213897705078,3.5793168544769287,0.714989185333252,0.75,0.6800000071525574,3912,,,,,79482326,3326839,82436,
2016-09-18,2086.86328125,3960.125,,,,50.7983283996582,3.563725471496582,50.87362289428711,3.7639517784118652,2.418579578399658,14.350000381469727,0.5199999809265137,7258,,,,,66596125,3246701,478805,
2016-09-19,2174.955810546875,8593.0888671875,,,,50.84785842895508,3.578965425491333,50.87232208251953,3.6037983894348145,2.206146478652954,7.679999828338623,0.5899999737739563,6125,,,,1638445,69095501,4155980,,
2016-09-20,1990.2701416015625,1665.07861328125,,,,50.87173843383789,3.5788328647613525,50.872196197509766,3.5793304443359375,1.313565731048584,2.2899999618530273,0.5400000214576721,5483,,,,,78069792,2809123,190807,
2016-09-21,1973.1907958984375,610.4996337890625,,,,50.84785842895508,3.5612761974334717,50.87210464477539,3.603799343109131,1.4549980163574219,1.850000023841858,1.059999942779541,2401,,,,1541441,70649770,1347508,,
2016-09-22,2272.4814453125,3311.600341796875,,,,50.871742248535156,3.5711514949798584,50.87213897705078,3.579420566558838,0.7999908328056335,0.9200000166893005,0.5400000214576721,7289,,,,335607,73941233,6955205,,
2016-09-23,2261.89599609375,9452.08984375,,,,50.84786605834961,3.578946590423584,50.87229919433594,3.6038711071014404,2.6607375144958496,5.179999828338623,0.5400000214576721,6712,,,,2160041,69595651,4298390,245596,
2016-09-24,2532.965576171875,8834.2470703125,,,,50.850982666015625,3.5788164138793945,51.0477409362793,3.730349540710449,1.955025315284729,13.640000343322754,0.5400000214576721,13712,,,,1025623,59410645,9764467,91595,
2016-09-25,2275.379638671875,5989.19091796875,,,,50.84776306152344,3.5619912147521973,50.87541198730469,3.60840106010437,0.9034844040870667,1.190000057220459,0.6000000238418579,7944,,,,,79255121,3358866,1518694,
2016-09-26,2576.02001953125,20257.306640625,,,,50.85141372680664,3.5789332389831543,51.05031967163086,3.7522060871124268,3.4452600479125977,7.579999923706055,0.5,8332,,,,5991112,54969050,4626758,295540,
2016-09-27,1817.470703125,411.85028076171875,,,,50.87181854248047,3.5788164138793945,50.87213897705078,3.580183982849121,0.8189711570739746,1.409999966621399,0.5,2052,,,,,79965248,746492,,
2016-09-28,2251.97119140625,9481.462890625,,,,50.847869873046875,3.563175916671753,50.873592376708984,3.6038730144500732,1.4832000732421875,7.929999828338623,0.5199999809265137,7071,,,,2455131,65594025,4220145,77429,
2016-09-29,2309.918212890625,11515.46875,,,,50.850990295410156,3.5788164138793945,51.0464973449707,3.725477457046509,1.4043331146240234,10.84000015258789,0.5099999904632568,7282,,,,2163817,71020226,5171490,,
2016-09-30,2217.39013671875,9463.421875,,,,50.85100173950195,3.578965425491333,51.037540435791016,3.748967409133911,2.7005794048309326,6.860000133514404,0.5099999904632568,4903,,,,2226584,68127049,3139138,205015,
2016-10-01,2035.3408203125,3531.861083984375,,,,50.868343353271484,3.5639379024505615,50.87345504760742,3.5793168544769287,2.508289098739624,3.950000047683716,0.9599999785423279,5797,,,,,75276318,2991490,394358,
2016-10-02,2199.3896484375,4378.0732421875,,,,50.86850357055664,3.563716173171997,50.87359619140625,3.5819389820098877,1.1518367528915405,4.650000095367432,0.5,6858,,,,,77674069,3034900,1077033,
2016-10-03,2373.967041015625,13900.3330078125,,,,50.851139068603516,3.5789999961853027,51.04658508300781,3.7489633560180664,1.6027486324310303,8.579999923706055,0.5,4626,,,,4971044,64013382,3468596,,
2016-10-04,2324.540771484375,9965.5732421875,,,,50.85133361816406,3.5659329891204834,51.05043029785156,3.752117395401001,1.912365198135376,23.510000228881836,0.5099999904632568,5130,,,,3848456,57570005,3954315,,
2016-10-05,2376.636474609375,12920.30859375,,,,50.84538269042969,3.5784895420074463,51.03670883178711,3.7112467288970947,2.658820629119873,8.59000015258789,0.5,6390,,,,4337992,61844036,4029389,68085,
2016-10-06,2051.195556640625,2474.011474609375,,,,50.851715087890625,3.5788164138793945,51.037269592285156,3.7132601737976074,1.1250107288360596,1.6799999475479126,0.5699999928474426,6869,,,,1048503,68974533,2987321,,
2016-10-07,2098.63525390625,4377.2822265625,,,,50.85088348388672,3.5789411067962646,51.039730072021484,4.039176940917969,1.5714969635009766,10.300000190734863,0.5,4311,,,,2591012,69668341,2036955,,
2016-10-08,2313.035888671875,10994.4736328125,,,,50.851070404052734,3.562002182006836,51.05713653564453,4.039638519287109,1.379044771194458,8.529999732971191,0.5,8455,,,,2292777,68796937,4565153,338606,
2016-10-09,1978.8955078125,1833.696044921875,,,,50.871925354003906,3.5788164138793945,50.87213134765625,3.57922101020813,0.883353590965271,1.3300000429153442,0.5400000214576721,6289,,,,,73867678,2674661,177666,
2016-10-10,2468.94287109375,12713.236328125,,,,50.851524353027344,3.5674080848693848,51.03917694091797,3.7560153007507324,1.9930728673934937,22.09000015258789,0.5,12742,,,,1391779,62081309,5690619,1008033,
2016-10-11,2437.9287109375,10429.5546875,,,,50.8483772277832,3.5784645080566406,50.87235641479492,3.6031272411346436,2.5406577587127686,6.150000095367432,0.5299999713897705,10765,,,,1857394,66311530,6374313,594153,
2016-10-12,1922.965576171875,1301.2880859375,,,,50.87187576293945,3.5789122581481934,50.87212371826172,3.579317092895508,1.4423085451126099,2.630000114440918,0.5099999904632568,4415,,,,,78191972,2093372,77590,
2016-10-13,2339.270751953125,11620.32421875,,,,50.850833892822266,3.5783092975616455,51.04991912841797,3.72709059715271,1.6812469959259033,8.199999809265137,0.5099999904632568,9444,,,,2131592,61108502,6000802,,
2016-10-14,2233.819091796875,12446.7509765625,,,,50.85099411010742,3.5789122581481934,51.04038619995117,3.748377799987793,1.6989195346832275,6.349999904632568,0.5099999904632568,5899,,,,3834342,65243106,2660004,,
2016-10-15,2000.151611328125,1660.9658203125,,,,50.871700286865234,3.5788164138793945,50.87218475341797,3.5793066024780273,1.4370405673980713,2.890000104904175,0.5199999809265137,6389,,,,,66529138,3178523,90501,
2016-10-16,2470.58544921875,6648.6943359375,,,,50.86904525756836,3.567248821258545,50.87412643432617,3.5793066024780273,1.7151682376861572,2.7300000190734863,0.5,13729,,,,,67351174,7816985,884126,
2016-10-17,2378.89306640625,13498.53125,,,,50.851051330566406,3.5788164138793945,51.05202102661133,3.748140573501587,1.0570006370544434,1.7300000190734863,0.5,6058,,,,4558598,65026108,3980213,,
2016-10-18,2149.83447265625,9073.822265625,,,,50.85075378417969,3.5787203311920166,51.03619384765625,3.7110679149627686,1.531335711479187,3.0,0.5699999928474426,5416,,,,1968870,72818479,3440462,,
2016-10-19,2205.779541015625,15664.8212890625,,,,50.85109329223633,3.5790040493011475,51.037784576416016,3.7482218742370605,1.1278483867645264,2.2200000286102295,0.5199999809265137,4342,,,,3876884,70568010,2209856,,
2016-10-20,2466.927978515625,16531.943359375,,,,50.85105895996094,3.5788164138793945,51.05027389526367,3.7305355072021484,1.5289045572280884,5.010000228881836,0.5799999833106995,6762,,,,5386909,64269537,4357019,,
2016-10-21,2130.412841796875,8832.8740234375,,,,50.851051330566406,3.5789644718170166,51.03840255737305,3.7481698989868164,1.2200000286102295,1.4199999570846558,1.0199999809265137,6584,,,,2678141,68236420,2395541,,
2016-10-22,2148.359619140625,6906.150390625,,,,50.8240966796875,3.1055233478546143,51.38368225097656,3.6016507148742676,1.0901111364364624,1.4700000286102295,0.5199999809265137,7065,,,,839680,71617959,4118114,224341,
2016-10-23,1859.6690673828125,611.1416625976562,,,,50.87185287475586,3.388400077819824,51.371429443359375,3.6273787021636963,1.6836144924163818,2.690000057220459,0.75,2814,,,,,71103307,1355546,,
2016-10-24,2270.700927734375,4735.8603515625,,,,50.851627349853516,3.5790717601776123,51.04399490356445,3.748960494995117,1.389897346496582,3.069999933242798,0.8600000143051147,5630,,,,4025504,64607950,2988129,,
2016-10-25,2098.705322265625,9302.103515625,,,,50.85089111328125,3.5789332389831543,51.036808013916016,3.711125612258911,2.434649705886841,4.440000057220459,0.7699999809265137,5120,,,,1619832,72943807,3075336,,
2016-10-26,2360.7919921875,8342.673828125,,,,50.8514289855957,3.578801155090332,51.03767395019531,3.7480111122131348,1.1133804321289062,1.9299999475479126,0.5699999928474426,6734,,,,2825716,64989034,3040166,717033,
2016-10-27,1843.2943115234375,649.8474731445312,,,,50.87188720703125,3.5788164138793945,50.87217330932617,3.5793066024780273,1.8799999952316284,2.9600000381469727,0.800000011920929,2384,,,,,82041287,1119202,,
2016-10-28,2220.423583984375,4329.8701171875,,,,50.851261138916016,3.578965425491333,51.037776947021484,3.7483561038970947,,,,6066,,,,3377813,63853600,2954204,,
2016-10-29,1888.0810546875,1182.1405029296875,,,,50.87190246582031,3.5789122581481934,50.87223815917969,3.5793888568878174,1.6500141620635986,2.319999933242798,0.9800000190734863,4082,,,,,77292421,1765610,,
2016-10-30,1942.9044189453125,1450.1920166015625,,,,50.871891021728516,3.5789122581481934,50.87213897705078,3.579406499862671,0.8746431469917297,1.0299999713897705,0.5799999833106995,4338,,,,,77923795,2556885,,
2016-10-31,2100.683837890625,8764.810546875,,,,50.84788131713867,3.5788164138793945,50.87214279174805,3.6038315296173096,2.8399932384490967,3.3299999237060547,2.3499999046325684,4300,,,,2115221,65114250,2574740,,
2016-11-01,1908.560302734375,1211.597412109375,,,,50.87183380126953,3.5788164138793945,50.87214279174805,3.5799951553344727,1.3087958097457886,2.4200000762939453,0.5,3394,,,,,79182940,2061192,,697656
2016-11-02,2193.21435546875,9736.69921875,,,,50.84788131713867,3.5789225101470947,51.036407470703125,3.7118422985076904,1.6435425281524658,6.989999771118164,0.7200000286102295,3095,,,,3834257,71704232,2074037,,
2016-11-03,2217.325927734375,14626.3212890625,,,,50.850807189941406,3.5787951946258545,51.03678894042969,3.743013620376587,3.6539366245269775,7.230000019073486,0.5600000023841858,4243,,,,3914649,71600133,2286644,,
2016-11-04,2237.59130859375,12793.4833984375,,,,50.85118865966797,3.5789122581481934,51.048526763916016,3.749809503555298,15.680000305175781,15.680000305175781,15.680000305175781,9555,,,,2665419,62924835,3963046,,
2016-11-05,2028.5804443359375,5473.9814453125,,,,50.851619720458984,3.5787734985351562,51.04844665527344,3.722015380859375,0.5699999928474426,0.5699999928474426,0.5699999928474426,3513,,,,1429665,76072242,2266349,,753627
2016-11-06,1864.1507568359375,861.8408203125,,,,50.87186050415039,3.5788164138793945,50.87214279174805,3.5793168544769287,0.9100000262260437,0.9100000262260437,0.9100000262260437,2466,,,,,81154941,1420230,,
2016-11-07,1821.2003173828125,358.090576171875,,,,50.87190246582031,3.578812599182129,50.87214279174805,3.5793066024780273,0.8085528016090393,1.1699999570846558,0.5699999928474426,1418,,,,,83089394,800319,,695423
2016-11-08,2044.089111328125,3408.204345703125,,,,50.85103225708008,3.5788164138793945,51.036773681640625,3.711801528930664,2.9076128005981445,4.860000133514404,0.5699999928474426,4634,,,,1859176,71272483,2031395,,
2016-11-09,2240.038818359375,11838.021484375,,,,50.84788131713867,3.5789966583251953,51.03622055053711,3.711164951324463,1.0500015020370483,1.159999966621399,0.9399999976158142,5169,,,,2997373,68507462,2665865,432541,646633
2016-11-10,2182.086669921875,10636.4833984375,,,,50.12398147583008,3.5789122581481934,51.03594970703125,4.8943281173706055,5.203876495361328,34.439998626708984,0.550000011920929,6348,,,,2784123,61298852,3035136,,694887
2016-11-11,1836.0118408203125,510.9394226074219,,,,50.123809814453125,4.893601417541504,50.124755859375,4.894057273864746,1.0020519495010376,4.989999771118164,0.5400000214576721,2808,,,,,79531106,1014093,,577597
2016-11-12,2109.1044921875,7607.2080078125,,,,50.11438751220703,3.578805923461914,50.892086029052734,5.005432605743408,16.262910842895508,22.15999984741211,6.840000152587891,5256,,,,2380512,60130542,2412909,,1389646
2016-11-13,1888.103271484375,818.6807861328125,,,,50.8719367980957,3.578843116760254,50.872222900390625,3.5793066024780273,1.6055424213409424,2.4700000286102295,0.5600000023841858,1850,,,,,82927304,1765934,,
2016-11-14,2114.44482421875,7384.3037109375,,,,50.84788131713867,3.5788164138793945,50.872154235839844,3.6038224697113037,0.6464375853538513,0.9800000190734863,0.5,4428,,,,1845390,75245002,2612639,198566,694883
2016-11-15,2125.5234375,9308.419921875,,,,50.85130310058594,3.5789122581481934,51.03619384765625,3.7111330032348633,,,,4877,,,,2492217,73512626,2530564,,694895
2016-11-16,2100.940185546875,7544.81005859375,,,,50.84825134277344,3.5787267684936523,51.03588104248047,3.7108747959136963,2.554481029510498,9.119999885559082,0.5299999713897705,4114,,,,2888236,70661196,1752746,,
2016-11-17,1834.261474609375,589.1731567382812,,,,50.871864318847656,3.578805923461914,50.87226486206055,3.5794267654418945,1.20011568069458,2.309999942779541,0.5400000214576721,1997,,,,,82860256,982818,,807122
2016-11-18,2198.653564453125,6547.29931640625,,,,50.850486755371094,3.5790185928344727,51.038387298583984,3.7489936351776123,1.659999966621399,1.659999966621399,1.659999966621399,4713,,,,2966155,68122200,3077917,,
2016-11-19,1957.8231201171875,1375.30419921875,,,,50.8719367980957,3.5788164138793945,50.87220001220703,3.57951283454895,0.8938508033752441,2.430000066757202,0.5,3624,,,,,75144878,2772164,,
2016-11-20,1880.6036376953125,934.4736328125,,,,50.87181854248047,3.5788164138793945,50.87214279174805,3.57938289642334,0.6798533797264099,3.6600000858306885,0.5,4258,,,,,77753655,1657693,,3316130
2016-11-21,2148.96875,10686.3125,,,,50.85075378417969,3.5788164138793945,51.03874588012695,3.7484309673309326,1.633358359336853,2.4100000858306885,0.5400000214576721,5149,,,,3102103,70272832,1994603,98588,
2016-11-22,2122.127685546875,9636.892578125,,,,50.85130310058594,3.578758716583252,51.037376403808594,3.7116169929504395,2.730825424194336,5.860000133514404,0.5299999713897705,4333,,,,2485956,76003359,2488239,,768734
2016-11-23,2201.060791015625,8516.884765625,,,,50.848304748535156,3.578805923461914,51.03679656982422,3.711024761199951,,,,6006,,,,2454525,71826357,3661060,,
2016-11-24,2211.463134765625,7619.07421875,,,,50.85114669799805,3.578805923461914,51.0462760925293,3.730159282684326,0.9450058937072754,1.4600000381469727,0.5400000214576721,4985,,,,3096486,74795288,3125484,,
2016-11-25,2181.761962890625,8873.1748046875,,,,50.84788131713867,3.5788164138793945,50.87218475341797,3.603893518447876,1.370040774345398,4.829999923706055,0.6899999976158142,8154,,,,1757689,72055530,4126850,,693695
2016-11-26,2016.732421875,1827.9443359375,,,,50.871856689453125,3.5788164138793945,50.87223434448242,3.579486131668091,1.051701545715332,4.619999885559082,0.5299999713897705,4392,,,,,81188897,3622454,,
2016-11-27,1918.8680419921875,1422.3941650390625,,,,50.87193298339844,3.5788164138793945,50.87213897705078,3.579402446746826,,,,3305,,,,,82441202,2209963,,762771
2016-11-28,2302.300048828125,11723.2587890625,,,,50.8512077331543,3.5788722038269043,51.05392837524414,3.748955249786377,0.8399967551231384,1.0499999523162842,0.5099999904632568,6965,,,,4830407,63701204,2584441,,
2016-11-29,2107.698486328125,10789.3134765625,,,,50.85139846801758,3.5788164138793945,51.035888671875,3.7135372161865234,1.8200631141662598,8.5,0.550000011920929,3034,,,,3335777,73824440,1371494,,
2016-11-30,2109.861572265625,9417.609375,,,,50.84815979003906,3.5788164138793945,51.036773681640625,3.7108964920043945,0.7151347994804382,1.7200000286102295,0.5,4312,,,,2204036,70459710,2612335,,693620
2016-12-01,2078.789794921875,9333.8857421875,,,,50.85097885131836,3.5790717601776123,51.03639221191406,3.7131683826446533,6.508033752441406,8.869999885559082,0.6600000262260437,2354,,,,2906480,72489848,1413558,,742161
2016-12-02,2281.9912109375,5360.890625,,,,50.85023880004883,3.5788164138793945,51.037471771240234,3.723923683166504,0.9600000381469727,1.190000057220459,0.7300000190734863,5598,,,,3961402,67308127,2960919,114154,693371
2016-12-03,1849.72216796875,617.4180908203125,,,,50.871910095214844,3.5788164138793945,50.87225341796875,3.5793168544769287,0.6150275468826294,1.3799999952316284,0.5699999928474426,1460,,,,,81007265,1211976,,897348
2016-12-04,1828.212646484375,443.0616760253906,,,,50.871944427490234,3.5788164138793945,50.87235641479492,3.5792789459228516,1.3300000429153442,1.3300000429153442,1.3300000429153442,2921,,,,,79291624,901533,,693538
2016-12-05,2066.756591796875,4346.5361328125,,,,50.8478889465332,3.5787734985351562,50.872108459472656,3.6038334369659424,1.1100000143051147,1.1100000143051147,1.1100000143051147,2976,,,,2026623,79598185,2179700,,693378
2016-12-06,2115.398681640625,8037.705078125,,,,50.85105514526367,3.5788164138793945,51.03646469116211,3.7114720344543457,3.008570909500122,4.71999979019165,0.5600000023841858,3675,,,,2468928,73892346,2392134,,
2016-12-07,1985.2952880859375,6426.79150390625,,,,50.8478889465332,3.5789225101470947,51.03594207763672,3.7107865810394287,0.6649999618530273,0.75,0.5799999833106995,2163,,,,2261072,72499726,753536,,
2016-12-08,2107.4541015625,6491.68212890625,,,,50.8510856628418,3.578805923461914,51.03594970703125,3.724491834640503,1.2196468114852905,3.869999885559082,0.5099999904632568,4162,,,,2463311,75963447,2299021,,
2016-12-09,2193.219970703125,5242.41162109375,,,,50.851051330566406,3.578634023666382,51.03764724731445,3.747936964035034,1.2313343286514282,3.5999999046325684,0.6600000262260437,4491,,,,3176206,73032038,2775059,,
2016-12-10,1819.1939697265625,412.30462646484375,,,,50.871734619140625,3.578707218170166,50.872310638427734,3.5794782638549805,0.9450376033782959,1.309999942779541,0.5799999833106995,1988,,,,,79856622,771362,,
2016-12-11,2094.5341796875,8759.36328125,,,,50.85081481933594,3.5787734985351562,51.039955139160156,3.728825092315674,1.0199999809265137,1.1399999856948853,0.8999999761581421,4655,,,,1383283,74676055,2899629,,102724
2016-12-12,2080.677978515625,5226.9951171875,,,,50.84788513183594,3.5788164138793945,50.87213897705078,3.603825330734253,1.2657536268234253,1.9800000190734863,0.5699999928474426,3945,,,,2083246,76730428,2003071,139798,
2016-12-13,2031.96044921875,8929.125,,,,50.851295471191406,3.5787529945373535,51.03678512573242,3.7106285095214844,0.5799999833106995,0.5799999833106995,0.5799999833106995,3460,,,,1838500,74484739,1878435,,26940
2016-12-14,2080.470947265625,8026.765625,,,,50.8478889465332,3.5787529945373535,50.87217330932617,3.603825330734253,1.131279706954956,2.380000114440918,0.5400000214576721,3473,,,,1597097,78838020,2627645,92353,
2016-12-15,2087.139892578125,8446.390625,,,,50.8515510559082,3.578805923461914,51.03583908081055,3.7238903045654297,1.0143882036209106,1.649999976158142,0.5099999904632568,4553,,,,1795884,60519697,2720367,,
2016-12-16,2469.189208984375,13169.2216796875,,,,50.84788513183594,3.5787529945373535,51.04408264160156,3.732896327972412,4.144241809844971,8.399999618530273,0.5099999904632568,8581,,,,4247477,66901406,5549904,,
2016-12-17,2103.16015625,7877.4345703125,,,,50.847373962402344,3.578735589981079,50.872352600097656,3.600423812866211,0.7553871273994446,4.039999961853027,0.5,3925,,,,2137020,79502108,2507499,,
2016-12-18,1883.6611328125,865.245849609375,,,,50.87186050415039,3.5787265300750732,50.87246322631836,3.5793066024780273,1.6283196210861206,5.079999923706055,0.5099999904632568,3209,,,,,81290957,1701824,,711882
2016-12-19,2227.43603515625,12584.744140625,,,,50.851402282714844,3.5786712169647217,51.03797912597656,3.7491250038146973,1.1761571168899536,1.7100000381469727,0.6600000262260437,3755,,,,4256054,60527118,2109171,,
2016-12-20,1897.2977294921875,1653.3763427734375,,,,50.867530822753906,3.5787529945373535,50.87229537963867,3.5843682289123535,1.3830912113189697,2.4600000381469727,0.5299999713897705,1647,,,,516665,81615092,1346758,,
2016-12-21,2200.384765625,9269.9140625,,,,50.84788513183594,3.5787529945373535,51.038307189941406,3.712279796600342,3.6314752101898193,7.25,0.7099999785423279,4610,,,,2574212,72500538,3523456,,701989
2016-12-22,2219.826416015625,7346.66357421875,,,,50.851402282714844,3.5787100791931152,51.05393981933594,3.7161362171173096,1.0237351655960083,6.010000228881836,0.5199999809265137,7813,,,,768558,70417443,5317989,182636,
2016-12-23,2194.0107421875,7830.75244140625,,,,50.847904205322266,3.578805923461914,50.87213897705078,3.6038320064544678,0.6000000238418579,0.6000000238418579,0.6000000238418579,5636,,,,1701349,72277118,4363815,,
2016-12-24,2141.33251953125,1689.3040771484375,,,,50.87175369262695,3.5787529945373535,50.87214660644531,3.5793678760528564,,,,7000,,,,2161604,69206283,2927986,81330,
2016-12-25,1848.6507568359375,659.3003540039062,,,,,,,,,,,4612,,,,,79945803,1196519,,
2016-12-26,2132.986572265625,1533.0557861328125,,,,50.81476974487305,3.2629637718200684,50.872100830078125,3.6038320064544678,1.9511799812316895,5.349999904632568,0.800000011920929,3992,,,,1877283,66138516,1467448,808387,
2016-12-27,1131.4129638671875,912.4639892578125,,,,50.87178039550781,3.5787529945373535,50.872318267822266,3.5796267986297607,1.1071891784667969,3.2899999618530273,0.5,2291,,,,,45756684,1757026,,
